,state_po,county,cor_pred,Repnum,Demnum,FIPS
0,NH,Hillsborough,5,3,2,33011
1,OH,Sandusky,5,3,2,39143
2,DE,Kent,5,3,2,10001
3,OH,Ottawa,5,3,2,39123
4,WA,Clallam,5,3,2,53009
5,VA,Roanoke,5,3,2,51161
6,VA,Richmond,5,3,2,51159
7,WI,Marquette,5,3,2,55077
8,IL,Carroll,5,3,2,17015
9,NY,Essex,5,3,2,36031
10,MI,Van Buren,5,3,2,26159
11,WI,Lincoln,5,3,2,55069
12,NY,Cortland,5,3,2,36023
13,ND,Ransom,5,3,2,38073
14,ND,Sargent,5,3,2,38081
15,OH,Wood,5,3,2,39173
16,IL,Jo Daviess,5,3,2,17085
17,MI,Shiawassee,5,3,2,26155
18,ME,Washington,5,3,2,23029
19,SD,Marshall,5,3,2,46091
20,NY,Madison,5,3,2,36053
21,WI,Racine,5,3,2,55101
22,NY,Otsego,5,3,2,36077
23,NY,Saratoga,5,3,2,36091
24,MT,Blaine,5,3,2,30005
25,VT,Essex,5,3,2,50009
26,IA,Marshall,5,3,2,19127
27,NY,Warren,5,3,2,36113
28,WI,Winnebago,5,3,2,55139
29,NY,Washington,5,3,2,36115
30,VA,Westmoreland,5,3,2,51193
31,WI,Sawyer,5,3,2,55113
32,IA,Union,5,3,2,19175
33,MI,Eaton,5,3,2,26045
34,NY,Orange,5,3,2,36071
35,MN,Traverse,5,3,2,27155
36,WI,Richland,5,3,2,55103
37,IA,Bremer,5,3,2,19017
38,WI,Juneau,5,3,2,55057
39,MS,Chickasaw,5,3,2,28017
40,MN,Houston,5,3,2,27055
41,OR,Tillamook,5,3,2,41057
42,IN,Porter,5,3,2,18127
43,MT,Hill,5,3,2,30041
44,IN,Delaware,5,3,2,18035
45,VA,Franklin,5,3,2,51067
46,NM,Hidalgo,5,3,2,35023
47,VA,Essex,5,3,2,51057
48,IN,Vigo,5,3,2,18167
49,MN,Clay,5,3,2,27027
50,VA,Bedford,5,5,0,51019
51,IL,Warren,5,3,2,17187
52,NM,Valencia,5,3,2,35061
53,WI,Door,5,3,2,55029
54,NY,Oswego,5,3,2,36075
55,SC,Barnwell,5,3,2,45011
56,SC,Colleton,5,3,2,45029
57,SC,Calhoun,5,3,2,45017
58,IA,Allamakee,5,3,2,19005
59,VA,Buckingham,5,3,2,51029
60,WI,Forest,5,3,2,55041
61,ND,Towner,4,3,1,38095
62,ND,Steele,4,2,2,38091
63,MI,Calhoun,4,2,2,26025
64,GA,Newton,4,2,2,13217
65,GA,Douglas,4,2,2,13097
66,NE,Thurston,4,2,2,31173
67,NH,Belknap,4,3,1,33001
68,MD,Kent,4,3,1,24029
69,NH,Carroll,4,3,1,33003
70,NH,Coos,4,2,2,33007
71,ND,Eddy,4,3,1,38027
72,GA,Peach,4,2,2,13225
73,NE,Saline,4,3,1,31151
74,ND,Mountrail,4,3,1,38061
75,LA,East Baton Rouge,4,2,2,22033
76,MI,Berrien,4,3,1,26021
77,MI,Benzie,4,3,1,26019
78,ND,Grand Forks,4,3,1,38035
79,TX,Harris,4,2,2,48201
80,ND,Nelson,4,3,1,38063
81,FL,Pinellas,4,2,2,12103
82,ND,Traill,4,3,1,38097
83,TX,Kleberg,4,2,2,48273
84,ME,Penobscot,4,2,2,23019
85,GA,Early,4,3,1,13099
86,GA,Baldwin,4,2,2,13009
87,SC,Charleston,4,2,2,45019
88,MI,Cass,4,3,1,26027
89,NC,Hyde,4,3,1,37095
90,MI,St. Clair,4,3,1,26147
91,CO,Larimer,4,2,2,8069
92,NC,Martin,4,2,2,37117
93,CO,Huerfano,4,2,2,8055
94,MN,Beltrami,4,2,2,27007
95,VA,Caroline,4,2,2,51033
96,MN,Blue Earth,4,2,2,27013
97,NC,Jackson,4,3,1,37099
98,MN,Chippewa,4,2,2,27023
99,CO,Conejos,4,2,2,8021
100,NC,Nash,4,3,1,37127
101,CO,Chaffee,4,3,1,8015
102,MN,Dakota,4,2,2,27037
103,CO,Arapahoe,4,2,2,8005
104,CO,Alamosa,4,2,2,8003
105,NC,Granville,4,2,2,37077
106,CA,Ventura,4,2,2,6111
107,CA,Trinity,4,3,1,6105
108,MN,Grant,4,3,1,27051
109,CA,Stanislaus,4,2,2,6099
110,NC,Forsyth,4,2,2,37067
111,MI,Schoolcraft,4,3,1,26153
112,MI,Presque Isle,4,3,1,26141
113,FL,Hillsborough,4,2,2,12057
114,MI,Kent,4,3,1,26081
115,MI,Clinton,4,3,1,26037
116,ND,Cass,4,3,1,38017
117,MI,Delta,4,3,1,26041
118,MI,Gladwin,4,3,1,26051
119,MI,Gratiot,4,3,1,26057
120,TX,Val Verde,4,2,2,48465
121,TX,Dallas,4,2,2,48113
122,NC,Wilson,4,2,2,37195
123,MI,Jackson,4,3,1,26075
124,NC,Wake,4,2,2,37183
125,MI,Leelanau,4,3,1,26089
126,CO,Ouray,4,2,2,8091
127,MI,Lenawee,4,3,1,26091
128,MI,Macomb,4,2,2,26099
129,MI,Manistee,4,2,2,26101
130,MI,Mason,4,3,1,26105
131,MI,Menominee,4,3,1,26109
132,UT,Grand,4,3,1,49019
133,MI,Monroe,4,2,2,26115
134,NC,Pitt,4,2,2,37147
135,MI,Oceana,4,3,1,26127
136,MI,Ontonagon,4,3,1,26131
137,ND,Benson,4,2,2,38005
138,IA,Audubon,4,3,1,19009
139,NH,Rockingham,4,3,1,33015
140,IL,McDonough,4,3,1,17109
141,SC,Chester,4,2,2,45023
142,IL,Lake,4,2,2,17097
143,SC,Darlington,4,3,1,45031
144,IL,Kendall,4,3,1,17093
145,IL,Kankakee,4,3,1,17091
146,IL,Kane,4,2,2,17089
147,IL,Henry,4,2,2,17073
148,IL,Grundy,4,3,1,17063
149,OH,Tuscarawas,4,3,1,39157
150,IL,DuPage,4,2,2,17043
151,IL,DeKalb,4,2,2,17037
152,OH,Stark,4,2,2,39151
153,SD,Brookings,4,3,1,46011
154,IL,Coles,4,3,1,17029
155,SD,Brown,4,3,1,46013
156,IL,Cass,4,3,1,17017
157,IL,Bureau,4,3,1,17011
158,IL,Boone,4,3,1,17007
159,SD,Corson,4,2,2,46031
160,SD,Day,4,2,2,46037
161,ID,Teton,4,3,1,16081
162,IL,Mason,4,3,1,17125
163,IL,McHenry,4,3,1,17111
164,NH,Sullivan,4,2,2,33019
165,IL,McLean,4,3,1,17113
166,OR,Jackson,4,3,1,41029
167,OR,Clackamas,4,2,2,41005
168,OR,Marion,4,3,1,41047
169,IN,Perry,4,2,2,18123
170,OR,Wasco,4,3,1,41065
171,PA,Berks,4,3,1,42011
172,IN,Spencer,4,3,1,18147
173,PA,Centre,4,2,2,42027
174,IN,Starke,4,3,1,18149
175,IN,Tippecanoe,4,3,1,18157
176,PA,Dauphin,4,2,2,42043
177,PA,Elk,4,3,1,42047
178,IN,Vanderburgh,4,3,1,18163
179,IL,Winnebago,4,2,2,17201
180,IL,Will,4,2,2,17197
181,IL,Vermilion,4,3,1,17183
182,PA,Monroe,4,2,2,42089
183,IL,Stephenson,4,3,1,17177
184,IL,Schuyler,4,3,1,17169
185,IL,Sangamon,4,3,1,17167
186,KS,Crawford,4,3,1,20037
187,ID,Latah,4,2,2,16057
188,OH,Lake,4,3,1,39085
189,SD,Lake,4,3,1,46079
190,SD,Miner,4,3,1,46097
191,IA,Delaware,4,3,1,19055
192,IA,Crawford,4,3,1,19047
193,NY,Dutchess,4,2,2,36027
194,NY,Chemung,4,3,1,36015
195,IA,Cedar,4,2,2,19031
196,NY,Chautauqua,4,3,1,36013
197,IA,Carroll,4,3,1,19027
198,NV,Washoe,4,2,2,32031
199,VA,Henrico,4,2,2,51087
200,IA,Adams,4,3,1,19003
201,TX,Bexar,4,2,2,48029
202,TX,Brewster,4,3,1,48043
203,NM,Sandoval,4,2,2,35043
204,NM,Luna,4,3,1,35029
205,NM,Los Alamos,4,2,2,35028
206,NM,Colfax,4,2,2,35007
207,GA,Sumter,4,2,2,13261
208,NJ,Somerset,4,2,2,34035
209,NJ,Salem,4,2,2,34033
210,GA,Rockdale,4,2,2,13247
211,KY,Hancock,4,3,1,21091
212,IA,Emmet,4,3,1,19063
213,IA,Fayette,4,2,2,19065
214,IA,Palo Alto,4,3,1,19147
215,SD,Minnehaha,4,3,1,46099
216,SD,Moody,4,3,1,46101
217,SD,Roberts,4,2,2,46109
218,OH,Hamilton,4,2,2,39061
219,IA,Woodbury,4,3,1,19193
220,IA,Winneshiek,4,2,2,19191
221,SD,Ziebach,4,2,2,46137
222,IA,Warren,4,3,1,19181
223,IA,Poweshiek,4,2,2,19157
224,NY,Seneca,4,2,2,36099
225,IA,Franklin,4,3,1,19069
226,IA,Louisa,4,2,2,19115
227,IA,Kossuth,4,3,1,19109
228,IA,Jefferson,4,2,2,19101
229,IA,Jasper,4,2,2,19099
230,IA,Iowa,4,3,1,19095
231,KY,Fayette,4,2,2,21067
232,NY,Ontario,4,3,1,36069
233,IA,Hardin,4,3,1,19083
234,IA,Hamilton,4,3,1,19079
235,IN,Madison,4,3,1,18095
236,MT,Lewis and Clark,4,3,1,30049
237,WI,Jefferson,4,3,1,55055
238,WI,Barron,4,3,1,55005
239,MN,Polk,4,3,1,27119
240,WI,Washburn,4,3,1,55129
241,WI,Brown,4,3,1,55009
242,MS,Warren,4,3,1,28149
243,MN,Pennington,4,3,1,27113
244,WI,Burnett,4,3,1,55013
245,VA,Prince William,4,2,2,51153
246,MS,Pike,4,2,2,28113
247,CA,Butte,4,3,1,6007
248,NC,Buncombe,4,2,2,37021
249,MN,Washington,4,2,2,27163
250,MN,Olmsted,4,2,2,27109
251,WI,Calumet,4,3,1,55015
252,MS,Yazoo,4,2,2,28163
253,MN,Norman,4,2,2,27107
254,MN,Nicollet,4,2,2,27103
255,WI,Chippewa,4,3,1,55017
256,CA,Fresno,4,2,2,6019
257,MN,Pope,4,3,1,27121
258,WA,Island,4,2,2,53029
259,MN,Red Lake,4,3,1,27125
260,MO,Iron,4,3,1,29093
261,MN,Watonwan,4,3,1,27165
262,WA,Clark,4,2,2,53011
263,WY,Albany,4,3,1,56001
264,MT,Rosebud,4,3,1,30087
265,MN,Stevens,4,3,1,27149
266,AL,Jefferson,4,2,2,1073
267,MN,Yellow Medicine,4,3,1,27173
268,WI,Wood,4,3,1,55141
269,WI,Waushara,4,3,1,55137
270,WA,Skagit,4,2,2,53057
271,WA,Skamania,4,3,1,53059
272,WA,Wahkiakum,4,3,1,53069
273,MS,Copiah,4,2,2,28029
274,MS,Oktibbeha,4,2,2,28105
275,MT,Lake,4,3,1,30047
276,WI,Waupaca,4,3,1,55135
277,MN,Murray,4,3,1,27101
278,NC,Bladen,4,2,2,37017
279,WI,Clark,4,3,1,55019
280,CA,Riverside,4,2,2,6065
281,WI,Outagamie,4,3,1,55087
282,WI,Oneida,4,3,1,55085
283,WI,Oconto,4,3,1,55083
284,VA,Loudoun,4,2,2,51107
285,WV,Jefferson,4,3,1,54037
286,WV,Monongalia,4,3,1,54061
287,MN,Koochiching,4,2,2,27071
288,WI,Marinette,4,3,1,55075
289,VA,King and Queen,4,3,1,51097
290,MN,Kittson,4,2,2,27069
291,MT,Cascade,4,3,1,30013
292,WI,Marathon,4,3,1,55073
293,CA,San Bernardino,4,2,2,6071
294,WI,Manitowoc,4,3,1,55071
295,CA,San Diego,4,2,2,6073
296,WI,Langlade,4,3,1,55067
297,CA,San Joaquin,4,2,2,6077
298,CA,San Luis Obispo,4,2,2,6079
299,MS,Panola,4,2,2,28107
300,WI,Kewaunee,4,3,1,55061
301,CA,Merced,4,2,2,6047
302,WI,Monroe,4,3,1,55081
303,WI,Rusk,4,3,1,55107
304,VA,Nelson,4,2,2,51125
305,MN,Marshall,4,3,1,27089
306,WI,Price,4,2,2,55099
307,MN,Mahnomen,4,2,2,27087
308,NC,Caswell,4,3,1,37033
309,WI,Columbia,4,2,2,55021
310,WA,Klickitat,4,3,1,53039
311,WI,Shawano,4,3,1,55115
312,OH,Geauga,3,3,0,39055
313,OH,Gallia,3,3,0,39053
314,OH,Logan,3,3,0,39091
315,OH,Fulton,3,3,0,39051
316,OH,Fayette,3,3,0,39047
317,OH,Muskingum,3,3,0,39119
318,OH,Fairfield,3,3,0,39045
319,OH,Lawrence,3,3,0,39087
320,OH,Licking,3,3,0,39089
321,MS,Smith,3,3,0,28129
322,OH,Noble,3,3,0,39121
323,OH,Guernsey,3,3,0,39059
324,OH,Defiance,3,3,0,39039
325,MS,Perry,3,3,0,28111
326,OH,Delaware,3,3,0,39041
327,MS,Stone,3,3,0,28131
328,OH,Erie,3,1,2,39043
329,OH,Greene,3,3,0,39057
330,OH,Hocking,3,3,0,39073
331,MS,Simpson,3,3,0,28127
332,OH,Madison,3,3,0,39097
333,OH,Highland,3,3,0,39071
334,OH,Mercer,3,3,0,39107
335,OH,Holmes,3,3,0,39075
336,OH,Miami,3,3,0,39109
337,OH,Henry,3,3,0,39069
338,MS,Pontotoc,3,3,0,28115
339,OH,Medina,3,3,0,39103
340,MS,Prentiss,3,3,0,28117
341,OH,Montgomery,3,1,2,39113
342,OH,Huron,3,3,0,39077
343,OH,Morgan,3,3,0,39115
344,OH,Jackson,3,3,0,39079
345,MS,Rankin,3,3,0,28121
346,MS,Pearl River,3,3,0,28109
347,OH,Harrison,3,3,0,39067
348,OH,Hardin,3,3,0,39065
349,OH,Marion,3,3,0,39101
350,OH,Knox,3,3,0,39083
351,OH,Morrow,3,3,0,39117
352,OH,Meigs,3,3,0,39105
353,MS,Scott,3,3,0,28123
354,OH,Hancock,3,3,0,39063
355,NC,Davie,3,3,0,37059
356,MS,Tate,3,3,0,28137
357,MS,Walthall,3,3,0,28147
358,NY,Rensselaer,3,1,2,36083
359,NY,Putnam,3,3,0,36079
360,MS,Wayne,3,3,0,28153
361,MS,Webster,3,3,0,28155
362,MS,Winston,3,3,0,28159
363,MT,Beaverhead,3,3,0,30001
364,NY,Orleans,3,3,0,36073
365,MT,Broadwater,3,3,0,30007
366,NY,Oneida,3,3,0,36065
367,NY,Niagara,3,1,2,36063
368,MT,Carbon,3,3,0,30009
369,NY,Montgomery,3,2,1,36057
370,MT,Carter,3,3,0,30011
371,NY,Livingston,3,3,0,36051
372,NY,Lewis,3,3,0,36049
373,NY,Jefferson,3,3,0,36045
374,NY,Herkimer,3,3,0,36043
375,NY,Hamilton,3,3,0,36041
376,NY,Greene,3,3,0,36039
377,NY,Genesee,3,3,0,36037
378,NY,Fulton,3,3,0,36035
379,NY,Franklin,3,1,2,36033
380,NY,Delaware,3,3,0,36025
381,NY,Chenango,3,3,0,36017
382,MT,Chouteau,3,3,0,30015
383,NY,Richmond,3,2,1,36085
384,NY,Schoharie,3,3,0,36095
385,OH,Darke,3,3,0,39037
386,NY,Schuyler,3,3,0,36097
387,OH,Crawford,3,3,0,39033
388,MS,Tippah,3,3,0,28139
389,OH,Coshocton,3,3,0,39031
390,OH,Columbiana,3,3,0,39029
391,OH,Clinton,3,3,0,39027
392,OH,Clermont,3,3,0,39025
393,OH,Champaign,3,3,0,39021
394,OH,Carroll,3,3,0,39019
395,OH,Butler,3,3,0,39017
396,OH,Brown,3,3,0,39015
397,OH,Auglaize,3,3,0,39011
398,OH,Ashtabula,3,1,2,39007
399,OH,Ashland,3,3,0,39005
400,OH,Allen,3,3,0,39003
401,MS,Tishomingo,3,3,0,28141
402,OH,Adams,3,3,0,39001
403,NY,Yates,3,3,0,36123
404,NY,Wyoming,3,3,0,36121
405,NY,Wayne,3,3,0,36117
406,NY,Tioga,3,3,0,36107
407,NY,Sullivan,3,1,2,36105
408,NY,Suffolk,3,1,2,36103
409,NY,Steuben,3,3,0,36101
410,NY,St. Lawrence,3,1,2,36089
411,MS,Union,3,3,0,28145
412,OH,Paulding,3,3,0,39125
413,OH,Van Wert,3,3,0,39161
414,OH,Perry,3,3,0,39127
415,OK,Noble,3,3,0,40103
416,OK,Mayes,3,3,0,40097
417,OK,McClain,3,3,0,40087
418,OK,McCurtain,3,3,0,40089
419,MS,Carroll,3,3,0,28015
420,OK,Murray,3,3,0,40099
421,MS,Calhoun,3,3,0,28013
422,OK,Nowata,3,3,0,40105
423,OK,Pontotoc,3,3,0,40123
424,OK,Okfuskee,3,3,0,40107
425,OK,Oklahoma,3,3,0,40109
426,OK,Osage,3,3,0,40113
427,MS,Attala,3,3,0,28007
428,OK,Pawnee,3,3,0,40117
429,OK,Payne,3,3,0,40119
430,OK,Marshall,3,3,0,40095
431,MS,Choctaw,3,3,0,28019
432,OK,Major,3,3,0,40093
433,MS,Clarke,3,3,0,28023
434,OK,Love,3,3,0,40085
435,OK,Logan,3,3,0,40083
436,OK,Lincoln,3,3,0,40081
437,OK,Le Flore,3,3,0,40079
438,OK,Kiowa,3,3,0,40075
439,MS,Covington,3,3,0,28031
440,OK,Kingfisher,3,3,0,40073
441,OK,Kay,3,3,0,40071
442,OK,Johnston,3,3,0,40069
443,OK,Jefferson,3,3,0,40067
444,OK,Jackson,3,3,0,40065
445,OK,Harper,3,3,0,40059
446,OK,Harmon,3,3,0,40057
447,OK,Pittsburg,3,3,0,40121
448,OK,Pottawatomie,3,3,0,40125
449,OH,Pickaway,3,3,0,39129
450,MO,Texas,3,3,0,29215
451,MO,Warren,3,3,0,29219
452,OK,Washita,3,3,0,40149
453,OK,Woods,3,3,0,40151
454,OK,Woodward,3,3,0,40153
455,MO,Vernon,3,3,0,29217
456,OR,Baker,3,3,0,41001
457,OR,Columbia,3,1,2,41009
458,MS,Amite,3,3,0,28005
459,OR,Coos,3,3,0,41011
460,OR,Crook,3,3,0,41013
461,OR,Curry,3,3,0,41015
462,MO,Taney,3,3,0,29213
463,OR,Deschutes,3,3,0,41017
464,OR,Douglas,3,3,0,41019
465,OK,Washington,3,3,0,40147
466,OK,Wagoner,3,3,0,40145
467,MO,Washington,3,2,1,29221
468,MO,Wayne,3,3,0,29223
469,OK,Tulsa,3,3,0,40143
470,OK,Tillman,3,3,0,40141
471,OK,Texas,3,3,0,40139
472,OK,Stephens,3,3,0,40137
473,MO,Webster,3,3,0,29225
474,OK,Sequoyah,3,3,0,40135
475,OK,Seminole,3,3,0,40133
476,OK,Rogers,3,3,0,40131
477,OK,Roger Mills,3,3,0,40129
478,MO,Worth,3,3,0,29227
479,MO,Wright,3,3,0,29229
480,OK,Pushmataha,3,3,0,40127
481,MS,Alcorn,3,3,0,28003
482,OK,Greer,3,3,0,40055
483,OK,Grant,3,3,0,40053
484,OK,Grady,3,3,0,40051
485,OH,Union,3,3,0,39159
486,OH,Shelby,3,3,0,39149
487,MS,Leake,3,3,0,28079
488,MS,Lawrence,3,3,0,28077
489,OH,Trumbull,3,1,2,39155
490,MS,Lauderdale,3,3,0,28075
491,MS,Lamar,3,3,0,28073
492,OH,Vinton,3,3,0,39163
493,OK,Garvin,3,3,0,40049
494,OH,Warren,3,3,0,39165
495,OH,Washington,3,3,0,39167
496,OH,Wayne,3,3,0,39169
497,OH,Williams,3,3,0,39171
498,MS,Lafayette,3,3,0,28071
499,MS,Jones,3,3,0,28067
500,OH,Seneca,3,3,0,39147
501,MS,Lee,3,3,0,28081
502,MS,Lincoln,3,3,0,28085
503,MS,Lowndes,3,3,0,28087
504,OH,Scioto,3,3,0,39145
505,MS,Madison,3,3,0,28089
506,OH,Ross,3,3,0,39141
507,OH,Richland,3,3,0,39139
508,MS,Marion,3,3,0,28091
509,MS,Monroe,3,3,0,28095
510,OH,Putnam,3,3,0,39137
511,OH,Preble,3,3,0,39135
512,MS,Neshoba,3,3,0,28099
513,OH,Portage,3,1,2,39133
514,OH,Pike,3,3,0,39131
515,MS,Newton,3,3,0,28101
516,OH,Wyandot,3,3,0,39175
517,OK,Adair,3,3,0,40001
518,OK,Alfalfa,3,3,0,40003
519,MS,George,3,3,0,28039
520,MS,DeSoto,3,3,0,28033
521,OK,Garfield,3,3,0,40047
522,OK,Ellis,3,3,0,40045
523,OK,Dewey,3,3,0,40043
524,OK,Delaware,3,3,0,40041
525,OK,Custer,3,3,0,40039
526,OK,Creek,3,3,0,40037
527,MS,Forrest,3,3,0,28035
528,OK,Craig,3,3,0,40035
529,OK,Cotton,3,3,0,40033
530,OK,Comanche,3,3,0,40031
531,MS,Franklin,3,3,0,28037
532,OK,Coal,3,3,0,40029
533,OK,Cleveland,3,3,0,40027
534,OK,Cimarron,3,3,0,40025
535,OK,Atoka,3,3,0,40005
536,MS,Greene,3,3,0,28041
537,MS,Grenada,3,3,0,28043
538,OK,Carter,3,3,0,40019
539,MS,Hancock,3,3,0,28045
540,MS,Harrison,3,3,0,28047
541,MS,Itawamba,3,3,0,28057
542,OK,Canadian,3,3,0,40017
543,MS,Jackson,3,3,0,28059
544,OK,Caddo,3,3,0,40015
545,OK,Bryan,3,3,0,40013
546,OK,Blaine,3,3,0,40011
547,OK,Beckham,3,3,0,40009
548,OK,Beaver,3,3,0,40007
549,MS,Jasper,3,1,2,28061
550,MT,Custer,3,3,0,30017
551,MT,Granite,3,3,0,30039
552,NY,Cayuga,3,1,2,36011
553,ND,Grant,3,3,0,38037
554,MT,Sheridan,3,3,0,30091
555,MT,Sanders,3,3,0,30089
556,ND,Emmons,3,3,0,38029
557,ND,Foster,3,3,0,38031
558,ND,Golden Valley,3,3,0,38033
559,MT,Roosevelt,3,1,2,30085
560,ND,Griggs,3,3,0,38039
561,ND,Dunn,3,3,0,38025
562,ND,Hettinger,3,3,0,38041
563,ND,Kidder,3,3,0,38043
564,ND,LaMoure,3,3,0,38045
565,ND,Logan,3,3,0,38047
566,ND,McHenry,3,3,0,38049
567,ND,McIntosh,3,3,0,38051
568,MT,Stillwater,3,3,0,30095
569,ND,Divide,3,3,0,38023
570,NY,Cattaraugus,3,3,0,36009
571,ND,Bowman,3,3,0,38011
572,MT,Yellowstone,3,3,0,30111
573,MT,Wibaux,3,3,0,30109
574,MT,Wheatland,3,3,0,30107
575,ND,Billings,3,3,0,38007
576,ND,Bottineau,3,3,0,38009
577,MT,Valley,3,3,0,30105
578,ND,Burke,3,3,0,38013
579,ND,Dickey,3,3,0,38021
580,MT,Treasure,3,3,0,30103
581,ND,Burleigh,3,3,0,38015
582,MT,Toole,3,3,0,30101
583,MT,Teton,3,3,0,30099
584,ND,Cavalier,3,3,0,38019
585,MT,Sweet Grass,3,3,0,30097
586,ND,McKenzie,3,3,0,38053
587,ND,McLean,3,3,0,38055
588,ND,Mercer,3,3,0,38057
589,NE,Arthur,3,3,0,31005
590,ND,Walsh,3,3,0,38099
591,ND,Ward,3,3,0,38101
592,ND,Wells,3,3,0,38103
593,ND,Williams,3,3,0,38105
594,NE,Adams,3,3,0,31001
595,NE,Antelope,3,3,0,31003
596,NE,Banner,3,3,0,31007
597,ND,Morton,3,3,0,38059
598,NE,Blaine,3,3,0,31009
599,NE,Boone,3,3,0,31011
600,NE,Box Butte,3,3,0,31013
601,NE,Boyd,3,3,0,31015
602,NE,Brown,3,3,0,31017
603,NE,Buffalo,3,3,0,31019
604,MT,Phillips,3,3,0,30071
605,MT,Pondera,3,3,0,30073
606,MT,Powder River,3,3,0,30075
607,ND,Stutsman,3,3,0,38093
608,MT,Powell,3,3,0,30077
609,ND,Stark,3,3,0,38089
610,ND,Slope,3,3,0,38087
611,ND,Sheridan,3,3,0,38083
612,ND,Richland,3,3,0,38077
613,ND,Renville,3,3,0,38075
614,MT,Prairie,3,3,0,30079
615,ND,Ramsey,3,3,0,38071
616,ND,Pierce,3,3,0,38069
617,ND,Pembina,3,3,0,38067
618,ND,Oliver,3,3,0,38065
619,MT,Ravalli,3,3,0,30081
620,MT,Richland,3,3,0,30083
621,ND,Barnes,3,3,0,38003
622,ND,Adams,3,3,0,38001
623,NC,Yancey,3,3,0,37199
624,NC,Lincoln,3,3,0,37109
625,NC,Catawba,3,3,0,37035
626,NC,Iredell,3,3,0,37097
627,NC,Johnston,3,3,0,37101
628,NC,Jones,3,3,0,37103
629,NC,Lee,3,3,0,37105
630,NC,Lenoir,3,3,0,37107
631,NC,Macon,3,3,0,37113
632,NC,Burke,3,3,0,37023
633,NC,Carteret,3,3,0,37031
634,NC,Madison,3,3,0,37115
635,NC,Camden,3,3,0,37029
636,NC,Caldwell,3,3,0,37027
637,NC,McDowell,3,3,0,37111
638,NC,Mecklenburg,3,1,2,37119
639,NC,Cherokee,3,3,0,37039
640,NC,Clay,3,3,0,37043
641,NC,Cleveland,3,3,0,37045
642,NC,Henderson,3,3,0,37089
643,NC,Craven,3,3,0,37049
644,NC,Haywood,3,3,0,37087
645,NC,Harnett,3,3,0,37085
646,NC,Guilford,3,1,2,37081
647,NC,Greene,3,3,0,37079
648,NC,Cumberland,3,1,2,37051
649,NC,Graham,3,3,0,37075
650,NC,Gates,3,1,2,37073
651,NC,Gaston,3,3,0,37071
652,NC,Franklin,3,3,0,37069
653,NC,Currituck,3,3,0,37053
654,NC,Dare,3,3,0,37055
655,NC,Duplin,3,3,0,37061
656,NC,Cabarrus,3,3,0,37025
657,NC,Mitchell,3,3,0,37121
658,NC,Yadkin,3,3,0,37197
659,NC,Transylvania,3,3,0,37175
660,NC,Avery,3,3,0,37011
661,NC,Stanly,3,3,0,37167
662,NC,Stokes,3,3,0,37169
663,NC,Surry,3,3,0,37171
664,NC,Ashe,3,3,0,37009
665,NC,Swain,3,3,0,37173
666,NC,Union,3,3,0,37179
667,NC,Montgomery,3,3,0,37123
668,NC,Alleghany,3,3,0,37005
669,NC,Alexander,3,3,0,37003
670,NC,Watauga,3,2,1,37189
671,NC,Alamance,3,3,0,37001
672,NC,Wayne,3,3,0,37191
673,NC,Wilkes,3,3,0,37193
674,NC,Sampson,3,3,0,37163
675,NC,Beaufort,3,3,0,37013
676,NC,Rutherford,3,3,0,37161
677,NC,Rowan,3,3,0,37159
678,NC,Rockingham,3,3,0,37157
679,NC,Robeson,3,1,2,37155
680,NC,Richmond,3,1,2,37153
681,NC,Randolph,3,3,0,37151
682,NC,Polk,3,3,0,37149
683,NC,Person,3,3,0,37145
684,NC,Perquimans,3,3,0,37143
685,NC,Pender,3,3,0,37141
686,NC,Pamlico,3,3,0,37137
687,NC,Onslow,3,3,0,37133
688,NC,Brunswick,3,3,0,37019
689,NC,New Hanover,3,3,0,37129
690,NC,Moore,3,3,0,37125
691,NE,Burt,3,3,0,31021
692,NE,Butler,3,3,0,31023
693,NE,Cass,3,3,0,31025
694,MT,Jefferson,3,3,0,30043
695,NJ,Cape May,3,3,0,34009
696,NJ,Gloucester,3,1,2,34015
697,NJ,Hunterdon,3,3,0,34019
698,MT,Judith Basin,3,3,0,30045
699,NJ,Morris,3,3,0,34027
700,NJ,Ocean,3,3,0,34029
701,NJ,Sussex,3,3,0,34037
702,NM,Lea,3,3,0,35025
703,NJ,Warren,3,3,0,34041
704,NM,Catron,3,3,0,35003
705,NM,Chaves,3,3,0,35005
706,NM,Curry,3,3,0,35009
707,NM,Eddy,3,3,0,35015
708,MT,Liberty,3,3,0,30051
709,MT,Lincoln,3,3,0,30053
710,MT,Madison,3,3,0,30057
711,NE,York,3,3,0,31185
712,NE,Wheeler,3,3,0,31183
713,NE,Webster,3,3,0,31181
714,MT,McCone,3,3,0,30055
715,NE,Wayne,3,3,0,31179
716,NE,Washington,3,3,0,31177
717,NE,Valley,3,3,0,31175
718,MT,Meagher,3,3,0,30059
719,NE,Thomas,3,3,0,31171
720,NE,Thayer,3,3,0,31169
721,NE,Stanton,3,3,0,31167
722,NE,Sioux,3,3,0,31165
723,NE,Sherman,3,3,0,31163
724,NE,Sheridan,3,3,0,31161
725,NM,Harding,3,3,0,35021
726,NM,Lincoln,3,3,0,35027
727,NE,Scotts Bluff,3,3,0,31157
728,NV,Pershing,3,3,0,32027
729,NV,Lincoln,3,3,0,32017
730,NV,Lyon,3,3,0,32019
731,NV,Mineral,3,3,0,32021
732,NV,Nye,3,3,0,32023
733,MT,Flathead,3,3,0,30029
734,MT,Fergus,3,3,0,30027
735,MT,Fallon,3,3,0,30025
736,NM,Otero,3,3,0,35035
737,NV,Storey,3,3,0,32029
738,MT,Dawson,3,3,0,30021
739,NV,White Pine,3,3,0,32033
740,MT,Daniels,3,3,0,30019
741,NY,Allegany,3,3,0,36003
742,NY,Broome,3,1,2,36007
743,NV,Lander,3,3,0,32015
744,MT,Gallatin,3,2,1,30031
745,NV,Humboldt,3,3,0,32013
746,NV,Eureka,3,3,0,32011
747,NV,Esmeralda,3,3,0,32009
748,NV,Elko,3,3,0,32007
749,NV,Douglas,3,3,0,32005
750,NV,Churchill,3,3,0,32001
751,MT,Garfield,3,3,0,30033
752,MT,Golden Valley,3,3,0,30037
753,NC,Davidson,3,3,0,37057
754,NM,Union,3,3,0,35059
755,NM,Torrance,3,3,0,35057
756,NM,Sierra,3,3,0,35051
757,NM,San Juan,3,3,0,35045
758,NM,Roosevelt,3,3,0,35041
759,NM,Quay,3,3,0,35037
760,NE,Seward,3,3,0,31159
761,NE,Saunders,3,3,0,31155
762,NE,Cedar,3,3,0,31027
763,NE,Garfield,3,3,0,31071
764,NE,Franklin,3,3,0,31061
765,NE,Frontier,3,3,0,31063
766,NE,Furnas,3,3,0,31065
767,NE,Gage,3,3,0,31067
768,NE,Garden,3,3,0,31069
769,MT,Park,3,3,0,30067
770,NE,Gosper,3,3,0,31073
771,NE,Holt,3,3,0,31089
772,NE,Grant,3,3,0,31075
773,NE,Greeley,3,3,0,31077
774,NE,Hall,3,3,0,31079
775,NE,Hamilton,3,3,0,31081
776,NE,Harlan,3,3,0,31083
777,NE,Hayes,3,3,0,31085
778,NE,Fillmore,3,3,0,31059
779,NE,Dundy,3,3,0,31057
780,MT,Petroleum,3,3,0,30069
781,NE,Douglas,3,2,1,31055
782,NE,Dodge,3,3,0,31053
783,NE,Dixon,3,3,0,31051
784,NE,Deuel,3,3,0,31049
785,NE,Dawson,3,3,0,31047
786,NE,Dawes,3,3,0,31045
787,NE,Dakota,3,3,0,31043
788,NE,Custer,3,3,0,31041
789,NE,Cuming,3,3,0,31039
790,OR,Gilliam,3,3,0,41021
791,NE,Clay,3,3,0,31035
792,NE,Cheyenne,3,3,0,31033
793,NE,Cherry,3,3,0,31031
794,NE,Chase,3,3,0,31029
795,NE,Hitchcock,3,3,0,31087
796,NE,Hooker,3,3,0,31091
797,NE,Sarpy,3,3,0,31153
798,NE,Pierce,3,3,0,31139
799,NE,Nemaha,3,3,0,31127
800,NE,Nuckolls,3,3,0,31129
801,NE,Otoe,3,3,0,31131
802,NE,Pawnee,3,3,0,31133
803,NE,Perkins,3,3,0,31135
804,NE,Phelps,3,3,0,31137
805,MT,Missoula,3,1,2,30063
806,NE,Howard,3,3,0,31093
807,NE,Platte,3,3,0,31141
808,NE,Polk,3,3,0,31143
809,NE,Red Willow,3,3,0,31145
810,NE,Richardson,3,3,0,31147
811,NE,Rock,3,3,0,31149
812,MT,Mineral,3,3,0,30061
813,NE,Nance,3,3,0,31125
814,NE,Morrill,3,3,0,31123
815,NE,Merrick,3,3,0,31121
816,NE,McPherson,3,3,0,31117
817,MT,Musselshell,3,3,0,30065
818,NE,Madison,3,3,0,31119
819,NE,Loup,3,3,0,31115
820,NE,Logan,3,3,0,31113
821,NE,Lincoln,3,3,0,31111
822,NE,Lancaster,3,2,1,31109
823,NE,Knox,3,3,0,31107
824,NE,Kimball,3,3,0,31105
825,NE,Keya Paha,3,3,0,31103
826,NE,Keith,3,3,0,31101
827,NE,Kearney,3,3,0,31099
828,NE,Johnson,3,3,0,31097
829,NE,Jefferson,3,3,0,31095
830,NE,Colfax,3,3,0,31037
831,OR,Grant,3,3,0,41023
832,UT,Carbon,3,3,0,49007
833,UT,Davis,3,3,0,49011
834,UT,Duchesne,3,3,0,49013
835,UT,Emery,3,3,0,49015
836,UT,Garfield,3,3,0,49017
837,UT,Iron,3,3,0,49021
838,UT,Juab,3,3,0,49023
839,UT,Kane,3,3,0,49025
840,UT,Millard,3,3,0,49027
841,UT,Morgan,3,3,0,49029
842,UT,Piute,3,3,0,49031
843,UT,Rich,3,3,0,49033
844,UT,Salt Lake,3,2,1,49035
845,UT,San Juan,3,3,0,49037
846,UT,Sanpete,3,3,0,49039
847,UT,Sevier,3,3,0,49041
848,UT,Summit,3,2,1,49043
849,UT,Tooele,3,3,0,49045
850,UT,Daggett,3,3,0,49009
851,UT,Cache,3,3,0,49005
852,TX,Uvalde,3,3,0,48463
853,UT,Box Elder,3,3,0,49003
854,TX,Victoria,3,3,0,48469
855,TX,Walker,3,3,0,48471
856,TX,Waller,3,3,0,48473
857,TX,Ward,3,3,0,48475
858,TX,Washington,3,3,0,48477
859,TX,Wharton,3,3,0,48481
860,TX,Wheeler,3,3,0,48483
861,TX,Wichita,3,3,0,48485
862,TX,Wilbarger,3,3,0,48487
863,TX,Williamson,3,3,0,48491
864,TX,Wilson,3,3,0,48493
865,TX,Winkler,3,3,0,48495
866,TX,Wise,3,3,0,48497
867,TX,Wood,3,3,0,48499
868,TX,Yoakum,3,3,0,48501
869,TX,Young,3,3,0,48503
870,UT,Beaver,3,3,0,49001
871,UT,Uintah,3,3,0,49047
872,UT,Utah,3,3,0,49049
873,UT,Wasatch,3,3,0,49051
874,UT,Washington,3,3,0,49053
875,VA,Craig,3,3,0,51045
876,VA,Culpeper,3,3,0,51047
877,VA,Cumberland,3,3,0,51049
878,VA,Dinwiddie,3,3,0,51053
879,VA,Fairfax,3,1,2,51059
880,VA,Fauquier,3,3,0,51061
881,VA,Floyd,3,3,0,51063
882,VA,Fluvanna,3,3,0,51065
883,VA,Frederick,3,3,0,51069
884,VA,Giles,3,3,0,51071
885,VA,Gloucester,3,3,0,51073
886,VA,Goochland,3,3,0,51075
887,VA,Grayson,3,3,0,51077
888,VA,Clarke,3,3,0,51043
889,VA,Chesterfield,3,3,0,51041
890,VA,Appomattox,3,3,0,51011
891,UT,Wayne,3,3,0,49055
892,UT,Weber,3,3,0,49057
893,VA,Accomack,3,3,0,51001
894,VA,Albemarle,3,1,2,51003
895,VA,Alleghany,3,3,0,51005
896,VA,Amelia,3,3,0,51007
897,VA,Amherst,3,3,0,51009
898,VA,Augusta,3,3,0,51015
899,VA,Charlotte,3,3,0,51037
900,VA,Bath,3,3,0,51017
901,VA,Bland,3,3,0,51021
902,VA,Botetourt,3,3,0,51023
903,VA,Campbell,3,3,0,51031
904,VA,Carroll,3,3,0,51035
905,TX,Van Zandt,3,3,0,48467
906,TX,Upton,3,3,0,48461
907,TX,Lavaca,3,3,0,48285
908,TX,Midland,3,3,0,48329
909,TX,Mills,3,3,0,48333
910,TX,Mitchell,3,3,0,48335
911,TX,Montague,3,3,0,48337
912,TX,Montgomery,3,3,0,48339
913,TX,Moore,3,3,0,48341
914,TX,Motley,3,3,0,48345
915,TX,Nacogdoches,3,3,0,48347
916,TX,Navarro,3,3,0,48349
917,TX,Nolan,3,3,0,48353
918,TX,Nueces,3,3,0,48355
919,TX,Ochiltree,3,3,0,48357
920,TX,Oldham,3,3,0,48359
921,TX,Orange,3,3,0,48361
922,TX,Palo Pinto,3,3,0,48363
923,TX,Panola,3,3,0,48365
924,TX,Parker,3,3,0,48367
925,TX,Parmer,3,3,0,48369
926,TX,Milam,3,3,0,48331
927,TX,Menard,3,3,0,48327
928,TX,Upshur,3,3,0,48459
929,TX,Medina,3,3,0,48325
930,TX,Leon,3,3,0,48289
931,TX,Liberty,3,3,0,48291
932,TX,Limestone,3,3,0,48293
933,TX,Lipscomb,3,3,0,48295
934,TX,Live Oak,3,3,0,48297
935,TX,Llano,3,3,0,48299
936,TX,Loving,3,3,0,48301
937,TX,Lubbock,3,3,0,48303
938,TX,Lynn,3,3,0,48305
939,TX,Madison,3,3,0,48313
940,TX,Marion,3,3,0,48315
941,TX,Martin,3,3,0,48317
942,TX,Mason,3,3,0,48319
943,TX,Matagorda,3,3,0,48321
944,TX,McCulloch,3,3,0,48307
945,TX,McLennan,3,3,0,48309
946,TX,McMullen,3,3,0,48311
947,TX,Pecos,3,3,0,48371
948,TX,Polk,3,3,0,48373
949,TX,Potter,3,3,0,48375
950,TX,Rains,3,3,0,48379
951,TX,Smith,3,3,0,48423
952,TX,Somervell,3,3,0,48425
953,TX,Stephens,3,3,0,48429
954,TX,Sterling,3,3,0,48431
955,TX,Stonewall,3,3,0,48433
956,TX,Sutton,3,3,0,48435
957,TX,Swisher,3,3,0,48437
958,TX,Tarrant,3,3,0,48439
959,TX,Taylor,3,3,0,48441
960,TX,Terrell,3,3,0,48443
961,TX,Terry,3,3,0,48445
962,TX,Throckmorton,3,3,0,48447
963,TX,Titus,3,3,0,48449
964,TX,Tom Green,3,3,0,48451
965,TX,Travis,3,1,2,48453
966,TX,Trinity,3,3,0,48455
967,TX,Tyler,3,3,0,48457
968,TX,Sherman,3,3,0,48421
969,TX,Shelby,3,3,0,48419
970,TX,Shackelford,3,3,0,48417
971,TX,Rockwall,3,3,0,48397
972,TX,Randall,3,3,0,48381
973,TX,Reagan,3,3,0,48383
974,TX,Real,3,3,0,48385
975,TX,Red River,3,3,0,48387
976,TX,Reeves,3,1,2,48389
977,TX,Refugio,3,3,0,48391
978,TX,Roberts,3,3,0,48393
979,TX,Runnels,3,3,0,48399
980,TX,Scurry,3,3,0,48415
981,TX,Rusk,3,3,0,48401
982,TX,Sabine,3,3,0,48403
983,TX,San Augustine,3,3,0,48405
984,TX,San Jacinto,3,3,0,48407
985,TX,San Patricio,3,3,0,48409
986,TX,San Saba,3,3,0,48411
987,TX,Schleicher,3,3,0,48413
988,VA,Greene,3,3,0,51079
989,VA,Halifax,3,3,0,51083
990,VA,Hanover,3,3,0,51085
991,WV,Berkeley,3,3,0,54003
992,WV,Calhoun,3,3,0,54013
993,WV,Clay,3,3,0,54015
994,WV,Doddridge,3,3,0,54017
995,WV,Gilmer,3,3,0,54021
996,WV,Grant,3,3,0,54023
997,WV,Greenbrier,3,3,0,54025
998,WV,Hampshire,3,3,0,54027
999,WV,Hancock,3,3,0,54029
1000,WV,Hardy,3,3,0,54031
1001,WV,Jackson,3,3,0,54035
1002,WV,Lewis,3,3,0,54041
1003,WV,Marshall,3,3,0,54051
1004,WV,Mason,3,3,0,54053
1005,WV,Mercer,3,3,0,54055
1006,WV,Mineral,3,3,0,54057
1007,WV,Monroe,3,3,0,54063
1008,WV,Morgan,3,3,0,54065
1009,WV,Cabell,3,3,0,54011
1010,WV,Barbour,3,3,0,54001
1011,VA,Henry,3,3,0,51089
1012,WI,Waukesha,3,3,0,55133
1013,WI,Green Lake,3,3,0,55047
1014,WI,Iron,3,2,1,55051
1015,WI,Jackson,3,1,2,55053
1016,WI,Kenosha,3,1,2,55059
1017,WI,Lafayette,3,1,2,55065
1018,WI,Ozaukee,3,3,0,55089
1019,WI,Pepin,3,1,2,55091
1020,WI,Polk,3,3,0,55095
1021,WI,Sauk,3,1,2,55111
1022,WI,Sheboygan,3,3,0,55117
1023,WI,St. Croix,3,3,0,55109
1024,WI,Taylor,3,3,0,55119
1025,WI,Trempealeau,3,1,2,55121
1026,WI,Vernon,3,1,2,55123
1027,WI,Vilas,3,3,0,55125
1028,WI,Walworth,3,3,0,55127
1029,WI,Washington,3,3,0,55131
1030,WV,Nicholas,3,3,0,54067
1031,WV,Ohio,3,3,0,54069
1032,WV,Pendleton,3,3,0,54071
1033,WV,Pleasants,3,3,0,54073
1034,WY,Crook,3,3,0,56011
1035,WY,Fremont,3,3,0,56013
1036,WY,Goshen,3,3,0,56015
1037,WY,Hot Springs,3,3,0,56017
1038,WY,Johnson,3,3,0,56019
1039,WY,Laramie,3,3,0,56021
1040,WY,Lincoln,3,3,0,56023
1041,WY,Natrona,3,3,0,56025
1042,WY,Niobrara,3,3,0,56027
1043,WY,Park,3,3,0,56029
1044,WY,Platte,3,3,0,56031
1045,WY,Sheridan,3,3,0,56033
1046,WY,Sublette,3,3,0,56035
1047,WY,Sweetwater,3,3,0,56037
1048,WY,Teton,3,1,2,56039
1049,WY,Uinta,3,3,0,56041
1050,WY,Washakie,3,3,0,56043
1051,WY,Converse,3,3,0,56009
1052,WY,Carbon,3,3,0,56007
1053,WY,Campbell,3,3,0,56005
1054,WV,Summers,3,3,0,54089
1055,WV,Pocahontas,3,3,0,54075
1056,WV,Preston,3,3,0,54077
1057,WV,Putnam,3,3,0,54079
1058,WV,Raleigh,3,3,0,54081
1059,WV,Randolph,3,3,0,54083
1060,WV,Ritchie,3,3,0,54085
1061,WV,Roane,3,3,0,54087
1062,WV,Taylor,3,3,0,54091
1063,WY,Big Horn,3,3,0,56003
1064,WV,Tucker,3,3,0,54093
1065,WV,Tyler,3,3,0,54095
1066,WV,Upshur,3,3,0,54097
1067,WV,Wayne,3,3,0,54099
1068,WV,Wetzel,3,3,0,54103
1069,WV,Wirt,3,3,0,54105
1070,WV,Wood,3,3,0,54107
1071,WI,Grant,3,1,2,55043
1072,WI,Fond du Lac,3,3,0,55039
1073,WI,Florence,3,3,0,55037
1074,VA,Patrick,3,3,0,51141
1075,VA,Pittsylvania,3,3,0,51143
1076,VA,Powhatan,3,3,0,51145
1077,VA,Prince Edward,3,1,2,51147
1078,VA,Prince George,3,3,0,51149
1079,VA,Pulaski,3,3,0,51155
1080,VA,Rappahannock,3,3,0,51157
1081,VA,Rockbridge,3,3,0,51163
1082,VA,Rockingham,3,3,0,51165
1083,VA,Scott,3,3,0,51169
1084,VA,Shenandoah,3,3,0,51171
1085,VA,Smyth,3,3,0,51173
1086,VA,Spotsylvania,3,3,0,51177
1087,VA,Stafford,3,3,0,51179
1088,VA,Page,3,3,0,51139
1089,VA,Orange,3,3,0,51137
1090,VA,Nottoway,3,3,0,51135
1091,VA,Louisa,3,3,0,51109
1092,VA,Highland,3,3,0,51091
1093,VA,Isle of Wight,3,3,0,51093
1094,VA,James City,3,3,0,51095
1095,VA,King George,3,3,0,51099
1096,VA,King William,3,3,0,51101
1097,VA,Lancaster,3,3,0,51103
1098,VA,Lee,3,3,0,51105
1099,VA,Lunenburg,3,3,0,51111
1100,VA,Northumberland,3,3,0,51133
1101,VA,Madison,3,3,0,51113
1102,VA,Mathews,3,3,0,51115
1103,VA,Mecklenburg,3,3,0,51117
1104,VA,Middlesex,3,3,0,51119
1105,VA,Montgomery,3,2,1,51121
1106,VA,New Kent,3,3,0,51127
1107,VA,Tazewell,3,3,0,51185
1108,VA,Warren,3,3,0,51187
1109,WI,Dunn,3,1,2,55033
1110,VA,Washington,3,3,0,51191
1111,WA,Kittitas,3,3,0,53037
1112,WA,Lewis,3,3,0,53041
1113,WA,Lincoln,3,3,0,53043
1114,WA,Mason,3,1,2,53045
1115,WA,Okanogan,3,3,0,53047
1116,WA,Pacific,3,1,2,53049
1117,WA,Pend Oreille,3,3,0,53051
1118,WA,Spokane,3,3,0,53063
1119,WA,Stevens,3,3,0,53065
1120,WA,Walla Walla,3,3,0,53071
1121,WA,Whatcom,3,1,2,53073
1122,WA,Whitman,3,2,1,53075
1123,WA,Yakima,3,3,0,53077
1124,WI,Adams,3,1,2,55001
1125,WI,Buffalo,3,1,2,55011
1126,WI,Crawford,3,1,2,55023
1127,WI,Dodge,3,3,0,55027
1128,WA,Grays Harbor,3,1,2,53027
1129,WA,Grant,3,3,0,53025
1130,WA,Garfield,3,3,0,53023
1131,VT,Orleans,3,1,2,50019
1132,VA,Wise,3,3,0,51195
1133,VA,Wythe,3,3,0,51197
1134,VA,York,3,3,0,51199
1135,VT,Caledonia,3,1,2,50005
1136,VT,Orange,3,1,2,50017
1137,WA,Adams,3,3,0,53001
1138,WA,Franklin,3,3,0,53021
1139,WA,Asotin,3,3,0,53003
1140,WA,Benton,3,3,0,53005
1141,WA,Chelan,3,3,0,53007
1142,WA,Columbia,3,3,0,53013
1143,WA,Cowlitz,3,1,2,53015
1144,WA,Douglas,3,3,0,53017
1145,WA,Ferry,3,3,0,53019
1146,TX,Lee,3,3,0,48287
1147,TX,Lampasas,3,3,0,48281
1148,OR,Harney,3,3,0,41025
1149,SD,Custer,3,3,0,46033
1150,SD,Deuel,3,3,0,46039
1151,SD,Douglas,3,3,0,46043
1152,SD,Edmunds,3,3,0,46045
1153,SD,Fall River,3,3,0,46047
1154,SD,Faulk,3,3,0,46049
1155,SD,Grant,3,3,0,46051
1156,SD,Gregory,3,3,0,46053
1157,SD,Haakon,3,3,0,46055
1158,SD,Hamlin,3,3,0,46057
1159,SD,Hand,3,3,0,46059
1160,SD,Hanson,3,3,0,46061
1161,SD,Harding,3,3,0,46063
1162,SD,Hughes,3,3,0,46065
1163,SD,Hutchinson,3,3,0,46067
1164,SD,Hyde,3,3,0,46069
1165,SD,Jackson,3,3,0,46071
1166,SD,Jerauld,3,3,0,46073
1167,SD,Davison,3,3,0,46035
1168,SD,Codington,3,3,0,46029
1169,SC,Laurens,3,3,0,45059
1170,SD,Clark,3,3,0,46025
1171,SC,McCormick,3,1,2,45065
1172,SC,Newberry,3,3,0,45071
1173,SC,Oconee,3,3,0,45073
1174,SC,Pickens,3,3,0,45077
1175,SC,Saluda,3,3,0,45081
1176,SC,Spartanburg,3,3,0,45083
1177,SC,Sumter,3,1,2,45085
1178,SC,Union,3,3,0,45087
1179,SC,York,3,3,0,45091
1180,SD,Aurora,3,3,0,46003
1181,SD,Beadle,3,3,0,46005
1182,SD,Bennett,3,3,0,46007
1183,SD,Bon Homme,3,3,0,46009
1184,SD,Brule,3,3,0,46015
1185,SD,Butte,3,3,0,46019
1186,SD,Campbell,3,3,0,46021
1187,SD,Charles Mix,3,3,0,46023
1188,SD,Jones,3,3,0,46075
1189,SD,Kingsbury,3,3,0,46077
1190,SD,Lawrence,3,3,0,46081
1191,SD,Lincoln,3,3,0,46083
1192,TN,Bradley,3,3,0,47011
1193,TN,Carroll,3,3,0,47017
1194,TN,Carter,3,3,0,47019
1195,TN,Cheatham,3,3,0,47021
1196,TN,Chester,3,3,0,47023
1197,TN,Claiborne,3,3,0,47025
1198,TN,Cocke,3,3,0,47029
1199,TN,Coffee,3,3,0,47031
1200,TN,Cumberland,3,3,0,47035
1201,TN,Dyer,3,3,0,47045
1202,TN,Fayette,3,3,0,47047
1203,TN,Fentress,3,3,0,47049
1204,TN,Grainger,3,3,0,47057
1205,TN,Greene,3,3,0,47059
1206,TN,Hamblen,3,3,0,47063
1207,TN,Hamilton,3,3,0,47065
1208,TN,Hancock,3,3,0,47067
1209,TN,Blount,3,3,0,47009
1210,TN,Bledsoe,3,3,0,47007
1211,TN,Anderson,3,3,0,47001
1212,SD,Potter,3,3,0,46107
1213,SD,Lyman,3,3,0,46085
1214,SD,McCook,3,3,0,46087
1215,SD,McPherson,3,3,0,46089
1216,SD,Meade,3,3,0,46093
1217,SD,Mellette,3,3,0,46095
1218,SD,Pennington,3,3,0,46103
1219,SD,Perkins,3,3,0,46105
1220,SD,Sanborn,3,3,0,46111
1221,SD,Yankton,3,3,0,46135
1222,SD,Spink,3,3,0,46115
1223,SD,Stanley,3,3,0,46117
1224,SD,Sully,3,3,0,46119
1225,SD,Tripp,3,3,0,46123
1226,SD,Turner,3,3,0,46125
1227,SD,Union,3,3,0,46127
1228,SD,Walworth,3,3,0,46129
1229,SC,Lexington,3,3,0,45063
1230,SC,Lancaster,3,3,0,45057
1231,TX,Lamb,3,3,0,48279
1232,PA,Butler,3,3,0,42019
1233,PA,Cameron,3,3,0,42023
1234,PA,Carbon,3,2,1,42025
1235,PA,Chester,3,2,1,42029
1236,PA,Clarion,3,3,0,42031
1237,PA,Clearfield,3,3,0,42033
1238,PA,Clinton,3,3,0,42035
1239,PA,Columbia,3,3,0,42037
1240,PA,Crawford,3,3,0,42039
1241,PA,Cumberland,3,3,0,42041
1242,PA,Erie,3,1,2,42049
1243,PA,Forest,3,3,0,42053
1244,PA,Franklin,3,3,0,42055
1245,PA,Fulton,3,3,0,42057
1246,PA,Huntingdon,3,3,0,42061
1247,PA,Indiana,3,3,0,42063
1248,PA,Jefferson,3,3,0,42065
1249,PA,Juniata,3,3,0,42067
1250,PA,Cambria,3,2,1,42021
1251,PA,Bradford,3,3,0,42015
1252,SC,Kershaw,3,3,0,45055
1253,PA,Blair,3,3,0,42013
1254,OR,Jefferson,3,3,0,41031
1255,OR,Josephine,3,3,0,41033
1256,OR,Klamath,3,3,0,41035
1257,OR,Lake,3,3,0,41037
1258,OR,Linn,3,3,0,41043
1259,OR,Malheur,3,3,0,41045
1260,OR,Morrow,3,3,0,41049
1261,OR,Polk,3,3,0,41053
1262,OR,Sherman,3,3,0,41055
1263,OR,Umatilla,3,3,0,41059
1264,OR,Union,3,3,0,41061
1265,OR,Wallowa,3,3,0,41063
1266,OR,Wheeler,3,3,0,41069
1267,OR,Yamhill,3,3,0,41071
1268,PA,Adams,3,3,0,42001
1269,PA,Armstrong,3,3,0,42005
1270,PA,Bedford,3,3,0,42009
1271,PA,Lancaster,3,3,0,42071
1272,PA,Lebanon,3,3,0,42075
1273,PA,Luzerne,3,1,2,42079
1274,PA,Lycoming,3,3,0,42081
1275,PA,York,3,3,0,42133
1276,RI,Kent,3,1,2,44003
1277,SC,Abbeville,3,3,0,45001
1278,SC,Aiken,3,3,0,45003
1279,SC,Anderson,3,3,0,45007
1280,SC,Beaufort,3,3,0,45013
1281,SC,Berkeley,3,3,0,45015
1282,MO,Stone,3,3,0,29209
1283,SC,Cherokee,3,3,0,45021
1284,SC,Chesterfield,3,3,0,45025
1285,SC,Dorchester,3,3,0,45035
1286,SC,Edgefield,3,3,0,45037
1287,SC,Florence,3,3,0,45041
1288,SC,Georgetown,3,3,0,45043
1289,SC,Greenville,3,3,0,45045
1290,SC,Greenwood,3,3,0,45047
1291,SC,Horry,3,3,0,45051
1292,PA,Wyoming,3,3,0,42131
1293,PA,Westmoreland,3,3,0,42129
1294,PA,Wayne,3,3,0,42127
1295,PA,Potter,3,3,0,42105
1296,PA,Mifflin,3,3,0,42087
1297,PA,Montour,3,3,0,42093
1298,PA,Northampton,3,1,2,42095
1299,PA,Northumberland,3,3,0,42097
1300,PA,Perry,3,3,0,42099
1301,PA,Pike,3,3,0,42103
1302,PA,Schuylkill,3,3,0,42107
1303,PA,Warren,3,3,0,42123
1304,PA,Snyder,3,3,0,42109
1305,PA,Somerset,3,3,0,42111
1306,PA,Sullivan,3,3,0,42113
1307,PA,Susquehanna,3,3,0,42115
1308,PA,Tioga,3,3,0,42117
1309,PA,Union,3,3,0,42119
1310,PA,Venango,3,3,0,42121
1311,TN,Hardeman,3,1,2,47069
1312,TN,Hardin,3,3,0,47071
1313,TN,Hawkins,3,3,0,47073
1314,TX,Falls,3,3,0,48145
1315,TX,Fayette,3,3,0,48149
1316,TX,Fisher,3,3,0,48151
1317,TX,Floyd,3,3,0,48153
1318,TX,Foard,3,3,0,48155
1319,TX,Franklin,3,3,0,48159
1320,TX,Freestone,3,3,0,48161
1321,TX,Frio,3,1,2,48163
1322,TX,Gaines,3,3,0,48165
1323,TX,Galveston,3,3,0,48167
1324,TX,Garza,3,3,0,48169
1325,TX,Gillespie,3,3,0,48171
1326,TX,Glasscock,3,3,0,48173
1327,TX,Goliad,3,3,0,48175
1328,TX,Gonzales,3,3,0,48177
1329,TX,Gray,3,3,0,48179
1330,TX,Grayson,3,3,0,48181
1331,TX,Gregg,3,3,0,48183
1332,TX,Fannin,3,3,0,48147
1333,TX,Erath,3,3,0,48143
1334,TN,Henderson,3,3,0,47077
1335,TX,Ellis,3,3,0,48139
1336,TX,Coryell,3,3,0,48099
1337,TX,Cottle,3,3,0,48101
1338,TX,Crane,3,3,0,48103
1339,TX,Crockett,3,3,0,48105
1340,TX,Crosby,3,3,0,48107
1341,TX,Culberson,3,1,2,48109
1342,TX,Dallam,3,3,0,48111
1343,TX,Dawson,3,3,0,48115
1344,TX,Deaf Smith,3,3,0,48117
1345,TX,Delta,3,3,0,48119
1346,TX,Denton,3,3,0,48121
1347,TX,Dickens,3,3,0,48125
1348,TX,Donley,3,3,0,48129
1349,TX,Eastland,3,3,0,48133
1350,TX,Ector,3,3,0,48135
1351,TX,Edwards,3,3,0,48137
1352,TX,Grimes,3,3,0,48185
1353,TX,Guadalupe,3,3,0,48187
1354,TX,Hale,3,3,0,48189
1355,TX,Hall,3,3,0,48191
1356,TX,Jack,3,3,0,48237
1357,TX,Jackson,3,3,0,48239
1358,TX,Jasper,3,3,0,48241
1359,TX,Jeff Davis,3,3,0,48243
1360,TX,Jefferson,3,1,2,48245
1361,TX,Johnson,3,3,0,48251
1362,TX,Jones,3,3,0,48253
1363,TX,Karnes,3,3,0,48255
1364,TX,Kaufman,3,3,0,48257
1365,TX,Kendall,3,3,0,48259
1366,TX,Kent,3,3,0,48263
1367,TX,Kerr,3,3,0,48265
1368,TX,Kimble,3,3,0,48267
1369,TX,King,3,3,0,48269
1370,TX,Kinney,3,3,0,48271
1371,TX,Knox,3,3,0,48275
1372,TX,Lamar,3,3,0,48277
1373,TX,Irion,3,3,0,48235
1374,TX,Hutchinson,3,3,0,48233
1375,TX,Hunt,3,3,0,48231
1376,TX,Hays,3,3,0,48209
1377,TX,Hamilton,3,3,0,48193
1378,TX,Hansford,3,3,0,48195
1379,TX,Hardeman,3,3,0,48197
1380,TX,Hardin,3,3,0,48199
1381,TX,Harrison,3,3,0,48203
1382,TX,Hartley,3,3,0,48205
1383,TX,Haskell,3,3,0,48207
1384,TX,Hemphill,3,3,0,48211
1385,TX,Hudspeth,3,3,0,48229
1386,TX,Henderson,3,3,0,48213
1387,TX,Hill,3,3,0,48217
1388,TX,Hockley,3,3,0,48219
1389,TX,Hood,3,3,0,48221
1390,TX,Hopkins,3,3,0,48223
1391,TX,Houston,3,3,0,48225
1392,TX,Howard,3,3,0,48227
1393,TX,Cooke,3,3,0,48097
1394,TX,Concho,3,3,0,48095
1395,TX,Comanche,3,3,0,48093
1396,TX,Angelina,3,3,0,48005
1397,TN,Rhea,3,3,0,47143
1398,TN,Roane,3,3,0,47145
1399,TN,Rutherford,3,3,0,47149
1400,TN,Scott,3,3,0,47151
1401,TN,Sequatchie,3,3,0,47153
1402,TN,Sevier,3,3,0,47155
1403,TN,Sullivan,3,3,0,47163
1404,TN,Sumner,3,3,0,47165
1405,TN,Tipton,3,3,0,47167
1406,TN,Unicoi,3,3,0,47171
1407,TN,Union,3,3,0,47173
1408,TN,Washington,3,3,0,47179
1409,TN,Wayne,3,3,0,47181
1410,TN,Weakley,3,3,0,47183
1411,TN,Williamson,3,3,0,47187
1412,TN,Wilson,3,3,0,47189
1413,TX,Anderson,3,3,0,48001
1414,TN,Putnam,3,3,0,47141
1415,TN,Polk,3,3,0,47139
1416,TN,Pickett,3,3,0,47137
1417,TN,Madison,3,3,0,47113
1418,TN,Jefferson,3,3,0,47089
1419,TN,Johnson,3,3,0,47091
1420,TN,Knox,3,3,0,47093
1421,TN,Lawrence,3,3,0,47099
1422,TN,Lincoln,3,3,0,47103
1423,TN,Loudon,3,3,0,47105
1424,TN,Macon,3,3,0,47111
1425,TN,Maury,3,3,0,47119
1426,TN,Obion,3,3,0,47131
1427,TN,McMinn,3,3,0,47107
1428,TN,McNairy,3,3,0,47109
1429,TN,Meigs,3,3,0,47121
1430,TN,Monroe,3,3,0,47123
1431,TN,Montgomery,3,3,0,47125
1432,TN,Moore,3,3,0,47127
1433,TN,Morgan,3,3,0,47129
1434,TX,Andrews,3,3,0,48003
1435,TX,Aransas,3,3,0,48007
1436,TX,Comal,3,3,0,48091
1437,TX,Archer,3,3,0,48009
1438,TX,Calhoun,3,3,0,48057
1439,TX,Callahan,3,3,0,48059
1440,TX,Cameron,3,1,2,48061
1441,TX,Camp,3,3,0,48063
1442,TX,Carson,3,3,0,48065
1443,TX,Cass,3,3,0,48067
1444,TX,Castro,3,3,0,48069
1445,TX,Chambers,3,3,0,48071
1446,TX,Cherokee,3,3,0,48073
1447,TX,Childress,3,3,0,48075
1448,TX,Clay,3,3,0,48077
1449,TX,Cochran,3,3,0,48079
1450,TX,Coke,3,3,0,48081
1451,TX,Coleman,3,3,0,48083
1452,TX,Collin,3,3,0,48085
1453,TX,Collingsworth,3,3,0,48087
1454,TX,Colorado,3,3,0,48089
1455,TX,Caldwell,3,3,0,48055
1456,TX,Burnet,3,3,0,48053
1457,TX,Burleson,3,3,0,48051
1458,TX,Bee,3,3,0,48025
1459,TX,Armstrong,3,3,0,48011
1460,TX,Atascosa,3,3,0,48013
1461,TX,Austin,3,3,0,48015
1462,TX,Bailey,3,3,0,48017
1463,TX,Bandera,3,3,0,48019
1464,TX,Bastrop,3,3,0,48021
1465,TX,Baylor,3,3,0,48023
1466,TX,Bell,3,3,0,48027
1467,TX,Brown,3,3,0,48049
1468,TX,Blanco,3,3,0,48031
1469,TX,Borden,3,3,0,48033
1470,TX,Bosque,3,3,0,48035
1471,TX,Bowie,3,3,0,48037
1472,TX,Brazoria,3,3,0,48039
1473,TX,Brazos,3,3,0,48041
1474,TX,Briscoe,3,3,0,48045
1475,MO,Sullivan,3,3,0,29211
1476,MS,Montgomery,3,3,0,28097
1477,MO,Stoddard,3,3,0,29207
1478,IA,Worth,3,1,2,19195
1479,IA,O'Brien,3,3,0,19141
1480,IA,Osceola,3,3,0,19143
1481,IA,Page,3,3,0,19145
1482,IA,Plymouth,3,3,0,19149
1483,IA,Pocahontas,3,3,0,19151
1484,IA,Pottawattamie,3,3,0,19155
1485,IA,Ringgold,3,3,0,19159
1486,IA,Sac,3,3,0,19161
1487,IA,Shelby,3,3,0,19165
1488,IA,Sioux,3,3,0,19167
1489,IA,Tama,3,1,2,19171
1490,IA,Taylor,3,3,0,19173
1491,IA,Van Buren,3,3,0,19177
1492,IA,Wapello,3,1,2,19179
1493,IA,Washington,3,3,0,19183
1494,IA,Wayne,3,3,0,19185
1495,IA,Webster,3,1,2,19187
1496,IA,Muscatine,3,1,2,19139
1497,IA,Montgomery,3,3,0,19137
1498,IA,Monroe,3,3,0,19135
1499,IA,Keokuk,3,3,0,19107
1500,IA,Harrison,3,3,0,19085
1501,IA,Henry,3,3,0,19087
1502,IA,Howard,3,1,2,19089
1503,IA,Humboldt,3,3,0,19091
1504,IA,Ida,3,3,0,19093
1505,IA,Jackson,3,1,2,19097
1506,IA,Jones,3,1,2,19105
1507,IA,Lee,3,1,2,19111
1508,IA,Monona,3,3,0,19133
1509,IA,Lucas,3,3,0,19117
1510,IA,Lyon,3,3,0,19119
1511,IA,Madison,3,3,0,19121
1512,IA,Mahaska,3,3,0,19123
1513,IA,Marion,3,3,0,19125
1514,IA,Mills,3,3,0,19129
1515,IA,Mitchell,3,1,2,19131
1516,IA,Winnebago,3,2,1,19189
1517,IA,Wright,3,3,0,19197
1518,IA,Guthrie,3,3,0,19077
1519,ID,Ada,3,3,0,16001
1520,ID,Gem,3,3,0,16045
1521,ID,Gooding,3,3,0,16047
1522,ID,Idaho,3,3,0,16049
1523,ID,Jefferson,3,3,0,16051
1524,ID,Jerome,3,3,0,16053
1525,ID,Kootenai,3,3,0,16055
1526,ID,Lemhi,3,3,0,16059
1527,ID,Lewis,3,3,0,16061
1528,ID,Lincoln,3,3,0,16063
1529,ID,Madison,3,3,0,16065
1530,ID,Minidoka,3,3,0,16067
1531,ID,Nez Perce,3,3,0,16069
1532,ID,Oneida,3,3,0,16071
1533,ID,Owyhee,3,3,0,16073
1534,ID,Payette,3,3,0,16075
1535,ID,Power,3,3,0,16077
1536,ID,Shoshone,3,3,0,16079
1537,ID,Fremont,3,3,0,16043
1538,ID,Franklin,3,3,0,16041
1539,ID,Elmore,3,3,0,16039
1540,ID,Bonneville,3,3,0,16019
1541,ID,Adams,3,3,0,16003
1542,ID,Bannock,3,3,0,16005
1543,ID,Bear Lake,3,3,0,16007
1544,ID,Benewah,3,3,0,16009
1545,ID,Bingham,3,3,0,16011
1546,ID,Boise,3,3,0,16015
1547,ID,Bonner,3,3,0,16017
1548,ID,Boundary,3,3,0,16021
1549,ID,Custer,3,3,0,16037
1550,ID,Butte,3,3,0,16023
1551,ID,Camas,3,3,0,16025
1552,ID,Canyon,3,3,0,16027
1553,ID,Caribou,3,3,0,16029
1554,ID,Cassia,3,3,0,16031
1555,ID,Clark,3,3,0,16033
1556,ID,Clearwater,3,3,0,16035
1557,IA,Hancock,3,3,0,19081
1558,IA,Grundy,3,3,0,19075
1559,KS,Cloud,3,3,0,20029
1560,GA,Treutlen,3,3,0,13283
1561,GA,Pierce,3,3,0,13229
1562,GA,Pike,3,3,0,13231
1563,GA,Polk,3,3,0,13233
1564,GA,Pulaski,3,3,0,13235
1565,GA,Putnam,3,3,0,13237
1566,GA,Quitman,3,1,2,13239
1567,GA,Rabun,3,3,0,13241
1568,GA,Schley,3,3,0,13249
1569,GA,Screven,3,3,0,13251
1570,GA,Seminole,3,3,0,13253
1571,GA,Spalding,3,3,0,13255
1572,GA,Stephens,3,3,0,13257
1573,GA,Tattnall,3,3,0,13267
1574,GA,Taylor,3,3,0,13269
1575,GA,Thomas,3,3,0,13275
1576,GA,Tift,3,3,0,13277
1577,GA,Toombs,3,3,0,13279
1578,GA,Pickens,3,3,0,13227
1579,GA,Paulding,3,3,0,13223
1580,GA,Oglethorpe,3,3,0,13221
1581,GA,Lumpkin,3,3,0,13187
1582,GA,Lamar,3,3,0,13171
1583,GA,Lanier,3,3,0,13173
1584,GA,Laurens,3,3,0,13175
1585,GA,Lee,3,3,0,13177
1586,GA,Lincoln,3,3,0,13181
1587,GA,Long,3,3,0,13183
1588,GA,Lowndes,3,3,0,13185
1589,GA,Madison,3,3,0,13195
1590,GA,Oconee,3,3,0,13219
1591,GA,Marion,3,3,0,13197
1592,GA,McDuffie,3,3,0,13189
1593,GA,Miller,3,3,0,13201
1594,GA,Monroe,3,3,0,13207
1595,GA,Montgomery,3,3,0,13209
1596,GA,Morgan,3,3,0,13211
1597,GA,Murray,3,3,0,13213
1598,GA,Towns,3,3,0,13281
1599,GA,Troup,3,3,0,13285
1600,IA,Greene,3,2,1,19073
1601,GA,Turner,3,3,0,13287
1602,IA,Calhoun,3,3,0,19025
1603,IA,Cass,3,3,0,19029
1604,IA,Cerro Gordo,3,1,2,19033
1605,IA,Cherokee,3,3,0,19035
1606,IA,Chickasaw,3,1,2,19037
1607,IA,Clarke,3,1,2,19039
1608,IA,Clay,3,3,0,19041
1609,IA,Clayton,3,1,2,19043
1610,IA,Clinton,3,1,2,19045
1611,IA,Dallas,3,3,0,19049
1612,IA,Davis,3,3,0,19051
1613,IA,Decatur,3,3,0,19053
1614,IA,Des Moines,3,1,2,19057
1615,IA,Dickinson,3,3,0,19059
1616,IA,Dubuque,3,1,2,19061
1617,IA,Floyd,3,1,2,19067
1618,IA,Fremont,3,3,0,19071
1619,IA,Butler,3,3,0,19023
1620,IA,Buena Vista,3,3,0,19021
1621,IA,Buchanan,3,1,2,19019
1622,GA,Wayne,3,3,0,13305
1623,GA,Twiggs,3,1,2,13289
1624,GA,Union,3,3,0,13291
1625,GA,Upson,3,3,0,13293
1626,GA,Walker,3,3,0,13295
1627,GA,Walton,3,3,0,13297
1628,GA,Ware,3,3,0,13299
1629,GA,Washington,3,1,2,13303
1630,GA,Wheeler,3,3,0,13309
1631,IA,Boone,3,1,2,19015
1632,GA,White,3,3,0,13311
1633,GA,Whitfield,3,3,0,13313
1634,GA,Wilcox,3,3,0,13315
1635,GA,Wilkes,3,3,0,13317
1636,GA,Worth,3,3,0,13321
1637,IA,Adair,3,3,0,19001
1638,IA,Appanoose,3,3,0,19007
1639,ID,Twin Falls,3,3,0,16083
1640,ID,Valley,3,3,0,16085
1641,ID,Washington,3,3,0,16087
1642,IN,Ohio,3,3,0,18115
1643,IN,Jay,3,3,0,18075
1644,IN,Jefferson,3,3,0,18077
1645,IN,Jennings,3,3,0,18079
1646,IN,Johnson,3,3,0,18081
1647,IN,Knox,3,3,0,18083
1648,IN,Kosciusko,3,3,0,18085
1649,IN,Lawrence,3,3,0,18093
1650,IN,Marion,3,1,2,18097
1651,IN,Marshall,3,3,0,18099
1652,IN,Martin,3,3,0,18101
1653,IN,Miami,3,3,0,18103
1654,IN,Monroe,3,1,2,18105
1655,IN,Montgomery,3,3,0,18107
1656,IN,Morgan,3,3,0,18109
1657,IN,Newton,3,3,0,18111
1658,IN,Jasper,3,3,0,18073
1659,IN,Jackson,3,3,0,18071
1660,IN,Huntington,3,3,0,18069
1661,IN,Fulton,3,3,0,18049
1662,IN,Decatur,3,3,0,18031
1663,IN,Dubois,3,3,0,18037
1664,IN,Elkhart,3,3,0,18039
1665,IN,Fayette,3,3,0,18041
1666,IN,Floyd,3,3,0,18043
1667,IN,Fountain,3,3,0,18045
1668,IN,Franklin,3,3,0,18047
1669,IN,Gibson,3,3,0,18051
1670,IN,Howard,3,3,0,18067
1671,IN,Grant,3,3,0,18053
1672,IN,Greene,3,3,0,18055
1673,IN,Hamilton,3,3,0,18057
1674,IN,Hancock,3,3,0,18059
1675,IN,Harrison,3,3,0,18061
1676,IN,Hendricks,3,3,0,18063
1677,IN,Henry,3,3,0,18065
1678,IN,Noble,3,3,0,18113
1679,IN,Orange,3,3,0,18117
1680,IL,Adams,3,3,0,17001
1681,IN,Owen,3,3,0,18119
1682,IN,Wayne,3,3,0,18177
1683,IN,Wells,3,3,0,18179
1684,IN,White,3,3,0,18181
1685,IN,Whitley,3,3,0,18183
1686,KS,Allen,3,3,0,20001
1687,KS,Anderson,3,3,0,20003
1688,KS,Atchison,3,3,0,20005
1689,KS,Barber,3,3,0,20007
1690,KS,Barton,3,3,0,20009
1691,KS,Bourbon,3,3,0,20011
1692,KS,Brown,3,3,0,20013
1693,KS,Butler,3,3,0,20015
1694,KS,Chase,3,3,0,20017
1695,KS,Chautauqua,3,3,0,20019
1696,KS,Cherokee,3,3,0,20021
1697,KS,Cheyenne,3,3,0,20023
1698,KS,Clark,3,3,0,20025
1699,IN,Washington,3,3,0,18175
1700,IN,Warrick,3,3,0,18173
1701,IN,Warren,3,3,0,18171
1702,IN,Rush,3,3,0,18139
1703,IN,Parke,3,3,0,18121
1704,IN,Pike,3,3,0,18125
1705,IN,Posey,3,3,0,18129
1706,IN,Pulaski,3,3,0,18131
1707,IN,Putnam,3,3,0,18133
1708,IN,Randolph,3,3,0,18135
1709,IN,Ripley,3,3,0,18137
1710,IN,Shelby,3,3,0,18145
1711,IN,Wabash,3,3,0,18169
1712,IN,St. Joseph,3,1,2,18141
1713,IN,Steuben,3,3,0,18151
1714,IN,Sullivan,3,3,0,18153
1715,IN,Switzerland,3,3,0,18155
1716,IN,Tipton,3,3,0,18159
1717,IN,Union,3,3,0,18161
1718,IN,Vermillion,3,2,1,18165
1719,IN,Dearborn,3,3,0,18029
1720,IN,Daviess,3,3,0,18027
1721,IN,Crawford,3,3,0,18025
1722,IL,Hancock,3,3,0,17067
1723,IL,Hardin,3,3,0,17069
1724,IL,Henderson,3,1,2,17071
1725,IL,Iroquois,3,3,0,17075
1726,IL,Jasper,3,3,0,17079
1727,IL,Jefferson,3,3,0,17081
1728,IL,Jersey,3,3,0,17083
1729,IL,Johnson,3,3,0,17087
1730,IL,Knox,3,1,2,17095
1731,IL,Lawrence,3,3,0,17101
1732,IL,Lee,3,3,0,17103
1733,IL,Livingston,3,3,0,17105
1734,IL,Logan,3,3,0,17107
1735,IL,Macon,3,2,1,17115
1736,IL,Macoupin,3,2,1,17117
1737,IL,Marshall,3,3,0,17123
1738,IL,Hamilton,3,3,0,17065
1739,IL,Greene,3,3,0,17061
1740,IL,Gallatin,3,2,1,17059
1741,IL,Crawford,3,3,0,17033
1742,IL,Alexander,3,1,2,17003
1743,IL,Bond,3,3,0,17005
1744,IL,Brown,3,3,0,17009
1745,IL,Christian,3,3,0,17021
1746,IL,Clark,3,3,0,17023
1747,IL,Clay,3,3,0,17025
1748,IL,Clinton,3,3,0,17027
1749,IL,Cumberland,3,3,0,17035
1750,IL,Fulton,3,1,2,17057
1751,IL,De Witt,3,3,0,17039
1752,IL,Douglas,3,3,0,17041
1753,IL,Edgar,3,3,0,17045
1754,IL,Edwards,3,3,0,17047
1755,IL,Effingham,3,3,0,17049
1756,IL,Fayette,3,3,0,17051
1757,IL,Ford,3,3,0,17053
1758,IL,Massac,3,3,0,17127
1759,IL,Menard,3,3,0,17129
1760,IL,Mercer,3,1,2,17131
1761,IN,Benton,3,3,0,18007
1762,IL,White,3,3,0,17193
1763,IL,Whiteside,3,1,2,17195
1764,IL,Williamson,3,3,0,17199
1765,IL,Woodford,3,3,0,17203
1766,IN,Adams,3,3,0,18001
1767,IN,Allen,3,3,0,18003
1768,IN,Bartholomew,3,3,0,18005
1769,IN,Blackford,3,3,0,18009
1770,IL,Washington,3,3,0,17189
1771,IN,Boone,3,3,0,18011
1772,IN,Brown,3,3,0,18013
1773,IN,Carroll,3,3,0,18015
1774,IN,Cass,3,3,0,18017
1775,IN,Clark,3,3,0,18019
1776,IN,Clay,3,3,0,18021
1777,IN,Clinton,3,3,0,18023
1778,IL,Wayne,3,3,0,17191
1779,IL,Wabash,3,3,0,17185
1780,IL,Monroe,3,3,0,17133
1781,IL,Pulaski,3,2,1,17153
1782,IL,Montgomery,3,2,1,17135
1783,IL,Morgan,3,3,0,17137
1784,IL,Moultrie,3,3,0,17139
1785,IL,Ogle,3,3,0,17141
1786,IL,Piatt,3,3,0,17147
1787,IL,Pike,3,3,0,17149
1788,IL,Pope,3,3,0,17151
1789,IL,Putnam,3,1,2,17155
1790,IL,Union,3,3,0,17181
1791,IL,Randolph,3,3,0,17157
1792,IL,Richland,3,3,0,17159
1793,IL,Saline,3,3,0,17165
1794,IL,Scott,3,3,0,17171
1795,IL,Shelby,3,3,0,17173
1796,IL,Stark,3,3,0,17175
1797,IL,Tazewell,3,3,0,17179
1798,GA,Jones,3,3,0,13169
1799,GA,Johnson,3,3,0,13167
1800,GA,Jenkins,3,3,0,13165
1801,AZ,Graham,3,3,0,4009
1802,AR,Polk,3,3,0,5113
1803,AR,Pope,3,3,0,5115
1804,AR,Prairie,3,3,0,5117
1805,AR,Saline,3,3,0,5125
1806,AR,Scott,3,3,0,5127
1807,AR,Searcy,3,3,0,5129
1808,AR,Sebastian,3,3,0,5131
1809,AR,Sevier,3,3,0,5133
1810,AR,Sharp,3,3,0,5135
1811,AR,Stone,3,3,0,5137
1812,AR,Union,3,3,0,5139
1813,AR,Van Buren,3,3,0,5141
1814,AR,Washington,3,3,0,5143
1815,AR,White,3,3,0,5145
1816,AR,Woodruff,3,1,2,5147
1817,AR,Yell,3,3,0,5149
1818,AZ,Cochise,3,3,0,4003
1819,AR,Pike,3,3,0,5109
1820,AR,Perry,3,3,0,5105
1821,AR,Newton,3,3,0,5101
1822,AR,Grant,3,3,0,5053
1823,AR,Columbia,3,3,0,5027
1824,AR,Conway,3,3,0,5029
1825,AR,Crawford,3,3,0,5033
1826,AR,Faulkner,3,3,0,5045
1827,AR,Franklin,3,3,0,5047
1828,AR,Fulton,3,3,0,5049
1829,AR,Garland,3,3,0,5051
1830,AR,Howard,3,3,0,5061
1831,AR,Montgomery,3,3,0,5097
1832,AR,Independence,3,3,0,5063
1833,AR,Johnson,3,3,0,5071
1834,AR,Logan,3,3,0,5083
1835,AR,Lonoke,3,3,0,5085
1836,AR,Madison,3,3,0,5087
1837,AR,Marion,3,3,0,5089
1838,AR,Miller,3,3,0,5091
1839,AZ,Gila,3,3,0,4007
1840,AZ,Greenlee,3,3,0,4011
1841,CO,Crowley,3,3,0,8025
1842,AZ,La Paz,3,3,0,4012
1843,CA,Mono,3,1,2,6051
1844,CA,Nevada,3,2,1,6057
1845,CA,Placer,3,3,0,6061
1846,CA,Plumas,3,3,0,6063
1847,CA,Shasta,3,3,0,6089
1848,CA,Sierra,3,3,0,6091
1849,CA,Siskiyou,3,3,0,6093
1850,CA,Sutter,3,3,0,6101
1851,CA,Tehama,3,3,0,6103
1852,CA,Tulare,3,3,0,6107
1853,CA,Tuolumne,3,3,0,6109
1854,CA,Yuba,3,3,0,6115
1855,CO,Archuleta,3,3,0,8007
1856,CO,Baca,3,3,0,8009
1857,CO,Bent,3,3,0,8011
1858,CO,Cheyenne,3,3,0,8017
1859,CA,Modoc,3,3,0,6049
1860,CA,Mariposa,3,3,0,6043
1861,CA,Madera,3,3,0,6039
1862,CA,Amador,3,3,0,6005
1863,AZ,Maricopa,3,3,0,4013
1864,AZ,Mohave,3,3,0,4015
1865,AZ,Navajo,3,3,0,4017
1866,AZ,Pinal,3,3,0,4021
1867,AZ,Yavapai,3,3,0,4025
1868,AZ,Yuma,3,3,0,4027
1869,CA,Alpine,3,1,2,6003
1870,CA,Calaveras,3,3,0,6009
1871,CA,Lassen,3,3,0,6035
1872,CA,Colusa,3,3,0,6011
1873,CA,Del Norte,3,3,0,6015
1874,CA,El Dorado,3,3,0,6017
1875,CA,Glenn,3,3,0,6021
1876,CA,Inyo,3,3,0,6027
1877,CA,Kern,3,3,0,6029
1878,CA,Kings,3,3,0,6031
1879,AR,Cleveland,3,3,0,5025
1880,AR,Cleburne,3,3,0,5023
1881,AR,Carroll,3,3,0,5015
1882,AR,Calhoun,3,3,0,5013
1883,AL,Autauga,3,3,0,1001
1884,AL,Baldwin,3,3,0,1003
1885,AL,Barbour,3,2,1,1005
1886,AL,Bibb,3,3,0,1007
1887,AL,Blount,3,3,0,1009
1888,AL,Butler,3,3,0,1013
1889,AL,Calhoun,3,3,0,1015
1890,AL,Chambers,3,3,0,1017
1891,AL,Cherokee,3,3,0,1019
1892,AL,Chilton,3,3,0,1021
1893,AL,Clarke,3,3,0,1025
1894,AL,Clay,3,3,0,1027
1895,AL,Cleburne,3,3,0,1029
1896,AL,Coffee,3,3,0,1031
1897,AL,Conecuh,3,2,1,1035
1898,AL,Coosa,3,3,0,1037
1899,AL,Covington,3,3,0,1039
1900,AL,Crenshaw,3,3,0,1041
1901,AL,Tallapoosa,3,3,0,1123
1902,AL,Morgan,3,3,0,1103
1903,AL,Pickens,3,3,0,1107
1904,AL,Pike,3,3,0,1109
1905,AL,Randolph,3,3,0,1111
1906,AL,Shelby,3,3,0,1117
1907,AL,St. Clair,3,3,0,1115
1908,AL,Talladega,3,3,0,1121
1909,AL,Tuscaloosa,3,3,0,1125
1910,AL,Mobile,3,3,0,1097
1911,AL,Walker,3,3,0,1127
1912,AL,Washington,3,3,0,1129
1913,AL,Winston,3,3,0,1133
1914,AR,Arkansas,3,3,0,5001
1915,AR,Baxter,3,3,0,5005
1916,AR,Benton,3,3,0,5007
1917,AR,Boone,3,3,0,5009
1918,AL,Monroe,3,3,0,1099
1919,AL,Marshall,3,3,0,1095
1920,AL,Cullman,3,3,0,1043
1921,AL,Geneva,3,3,0,1061
1922,AL,Dale,3,3,0,1045
1923,AL,DeKalb,3,3,0,1049
1924,AL,Elmore,3,3,0,1051
1925,AL,Escambia,3,3,0,1053
1926,AL,Etowah,3,3,0,1055
1927,AL,Fayette,3,3,0,1057
1928,AL,Franklin,3,3,0,1059
1929,AL,Henry,3,3,0,1067
1930,AL,Marion,3,3,0,1093
1931,AL,Houston,3,3,0,1069
1932,AL,Lamar,3,3,0,1075
1933,AL,Lauderdale,3,3,0,1077
1934,AL,Lee,3,3,0,1081
1935,AL,Limestone,3,3,0,1083
1936,AL,Madison,3,3,0,1089
1937,AL,Marengo,3,1,2,1091
1938,CO,Clear Creek,3,1,2,8019
1939,CO,Custer,3,3,0,8027
1940,GA,Jeff Davis,3,3,0,13161
1941,GA,Cherokee,3,3,0,13057
1942,GA,Bartow,3,3,0,13015
1943,GA,Ben Hill,3,3,0,13017
1944,GA,Berrien,3,3,0,13019
1945,GA,Bleckley,3,3,0,13023
1946,GA,Brantley,3,3,0,13025
1947,GA,Brooks,3,3,0,13027
1948,GA,Bryan,3,3,0,13029
1949,GA,Bulloch,3,3,0,13031
1950,GA,Burke,3,1,2,13033
1951,GA,Butts,3,3,0,13035
1952,GA,Camden,3,3,0,13039
1953,GA,Candler,3,3,0,13043
1954,GA,Carroll,3,3,0,13045
1955,GA,Catoosa,3,3,0,13047
1956,GA,Charlton,3,3,0,13049
1957,GA,Chatham,3,1,2,13051
1958,GA,Chattahoochee,3,2,1,13053
1959,GA,Barrow,3,3,0,13013
1960,GA,Banks,3,3,0,13011
1961,GA,Baker,3,1,2,13007
1962,FL,Sumter,3,3,0,12119
1963,FL,Polk,3,3,0,12105
1964,FL,Putnam,3,3,0,12107
1965,FL,Santa Rosa,3,3,0,12113
1966,FL,Sarasota,3,3,0,12115
1967,FL,Seminole,3,3,0,12117
1968,FL,St. Johns,3,3,0,12109
1969,FL,St. Lucie,3,1,2,12111
1970,FL,Suwannee,3,3,0,12121
1971,GA,Bacon,3,3,0,13005
1972,FL,Taylor,3,3,0,12123
1973,FL,Union,3,3,0,12125
1974,FL,Wakulla,3,3,0,12129
1975,FL,Walton,3,3,0,12131
1976,FL,Washington,3,3,0,12133
1977,GA,Appling,3,3,0,13001
1978,GA,Atkinson,3,3,0,13003
1979,GA,Chattooga,3,3,0,13055
1980,GA,Clinch,3,3,0,13065
1981,CO,Delta,3,3,0,8029
1982,GA,Coffee,3,3,0,13069
1983,GA,Franklin,3,3,0,13119
1984,GA,Gilmer,3,3,0,13123
1985,GA,Glascock,3,3,0,13125
1986,GA,Glynn,3,3,0,13127
1987,GA,Gordon,3,3,0,13129
1988,GA,Grady,3,3,0,13131
1989,GA,Greene,3,3,0,13133
1990,GA,Habersham,3,3,0,13137
1991,GA,Hall,3,3,0,13139
1992,GA,Haralson,3,3,0,13143
1993,GA,Harris,3,3,0,13145
1994,GA,Hart,3,3,0,13147
1995,GA,Heard,3,3,0,13149
1996,GA,Houston,3,3,0,13153
1997,GA,Irwin,3,3,0,13155
1998,GA,Jackson,3,3,0,13157
1999,GA,Jasper,3,3,0,13159
2000,GA,Forsyth,3,3,0,13117
2001,GA,Floyd,3,3,0,13115
2002,GA,Fayette,3,3,0,13113
2003,GA,Dawson,3,3,0,13085
2004,GA,Colquitt,3,3,0,13071
2005,GA,Columbia,3,3,0,13073
2006,GA,Cook,3,3,0,13075
2007,GA,Coweta,3,3,0,13077
2008,GA,Crawford,3,3,0,13079
2009,GA,Crisp,3,3,0,13081
2010,GA,Dade,3,3,0,13083
2011,GA,Decatur,3,3,0,13087
2012,GA,Fannin,3,3,0,13111
2013,GA,Dodge,3,3,0,13091
2014,GA,Dooly,3,1,2,13093
2015,GA,Echols,3,3,0,13101
2016,GA,Effingham,3,3,0,13103
2017,GA,Elbert,3,3,0,13105
2018,GA,Emanuel,3,3,0,13107
2019,GA,Evans,3,3,0,13109
2020,FL,Osceola,3,1,2,12097
2021,FL,Okeechobee,3,3,0,12093
2022,FL,Okaloosa,3,3,0,12091
2023,FL,Nassau,3,3,0,12089
2024,CO,Montezuma,3,3,0,8083
2025,CO,Montrose,3,3,0,8085
2026,CO,Morgan,3,3,0,8087
2027,CO,Otero,3,3,0,8089
2028,CO,Park,3,3,0,8093
2029,CO,Phillips,3,3,0,8095
2030,CO,Prowers,3,3,0,8099
2031,CO,Pueblo,3,1,2,8101
2032,CO,Rio Blanco,3,3,0,8103
2033,CO,Rio Grande,3,3,0,8105
2034,CO,Routt,3,1,2,8107
2035,CO,San Juan,3,1,2,8111
2036,CO,Sedgwick,3,3,0,8115
2037,CO,Teller,3,3,0,8119
2038,CO,Washington,3,3,0,8121
2039,CO,Yuma,3,3,0,8125
2040,CO,Moffat,3,3,0,8081
2041,CO,Mineral,3,3,0,8079
2042,CO,Mesa,3,3,0,8077
2043,CO,Grand,3,3,0,8049
2044,CO,Dolores,3,3,0,8033
2045,CO,Douglas,3,3,0,8035
2046,CO,Eagle,3,1,2,8037
2047,CO,El Paso,3,3,0,8041
2048,CO,Elbert,3,3,0,8039
2049,CO,Fremont,3,3,0,8043
2050,CO,Garfield,3,3,0,8045
2051,CO,Gunnison,3,1,2,8051
2052,CO,Logan,3,3,0,8075
2053,CO,Hinsdale,3,3,0,8053
2054,CO,Jackson,3,3,0,8057
2055,CO,Kiowa,3,3,0,8061
2056,CO,Kit Carson,3,3,0,8063
2057,CO,La Plata,3,1,2,8067
2058,CO,Las Animas,3,1,2,8071
2059,CO,Lincoln,3,3,0,8073
2060,CT,Litchfield,3,2,1,9005
2061,CT,Windham,3,1,2,9015
2062,DE,Sussex,3,3,0,10005
2063,FL,Lake,3,3,0,12069
2064,FL,Hendry,3,3,0,12051
2065,FL,Highlands,3,3,0,12055
2066,FL,Holmes,3,3,0,12059
2067,FL,Indian River,3,3,0,12061
2068,FL,Jackson,3,3,0,12063
2069,FL,Jefferson,3,1,2,12065
2070,FL,Lafayette,3,3,0,12067
2071,FL,Lee,3,3,0,12071
2072,FL,Hamilton,3,3,0,12047
2073,FL,Levy,3,3,0,12075
2074,FL,Liberty,3,3,0,12077
2075,FL,Madison,3,3,0,12079
2076,FL,Manatee,3,3,0,12081
2077,FL,Marion,3,3,0,12083
2078,FL,Martin,3,3,0,12085
2079,FL,Monroe,3,1,2,12087
2080,FL,Hardee,3,3,0,12049
2081,FL,Gulf,3,3,0,12045
2082,FL,Baker,3,3,0,12003
2083,FL,Collier,3,3,0,12021
2084,FL,Bay,3,3,0,12005
2085,FL,Bradford,3,3,0,12007
2086,FL,Brevard,3,3,0,12009
2087,FL,Calhoun,3,3,0,12013
2088,FL,Charlotte,3,3,0,12015
2089,FL,Citrus,3,3,0,12017
2090,FL,Clay,3,3,0,12019
2091,FL,Columbia,3,3,0,12023
2092,FL,Glades,3,3,0,12043
2093,FL,Dixie,3,3,0,12029
2094,FL,Duval,3,3,0,12031
2095,FL,Escambia,3,3,0,12033
2096,FL,Flagler,3,2,1,12035
2097,FL,Franklin,3,3,0,12037
2098,FL,Gilchrist,3,3,0,12041
2099,KS,Clay,3,3,0,20027
2100,IL,Marion,3,3,0,17121
2101,KS,Coffey,3,3,0,20031
2102,ME,Kennebec,3,1,2,23011
2103,ME,Oxford,3,1,2,23017
2104,ME,Piscataquis,3,3,0,23021
2105,ME,Somerset,3,1,2,23025
2106,ME,Waldo,3,1,2,23027
2107,MI,Alcona,3,3,0,26001
2108,MI,Alger,3,2,1,26003
2109,MI,Allegan,3,3,0,26005
2110,MI,Alpena,3,2,1,26007
2111,MI,Antrim,3,3,0,26009
2112,MI,Baraga,3,3,0,26013
2113,MI,Barry,3,3,0,26015
2114,MI,Bay,3,1,2,26017
2115,MI,Branch,3,3,0,26023
2116,MI,Charlevoix,3,3,0,26029
2117,MI,Cheboygan,3,3,0,26031
2118,ME,Lincoln,3,1,2,23015
2119,ME,Franklin,3,1,2,23007
2120,MD,Allegany,3,3,0,24001
2121,ME,Aroostook,3,1,2,23003
2122,MD,Caroline,3,3,0,24011
2123,MD,Carroll,3,3,0,24013
2124,MD,Cecil,3,3,0,24015
2125,MD,Dorchester,3,3,0,24019
2126,KS,Comanche,3,3,0,20033
2127,MD,Garrett,3,3,0,24023
2128,MD,Harford,3,3,0,24025
2129,MD,Queen Anne's,3,3,0,24035
2130,MD,Somerset,3,2,1,24039
2131,MD,St. Mary's,3,3,0,24037
2132,MD,Talbot,3,3,0,24041
2133,MD,Washington,3,3,0,24043
2134,MD,Wicomico,3,3,0,24045
2135,MD,Worcester,3,3,0,24047
2136,ME,Androscoggin,3,1,2,23001
2137,MI,Chippewa,3,3,0,26033
2138,MI,Clare,3,2,1,26035
2139,MI,Crawford,3,3,0,26039
2140,MI,Dickinson,3,3,0,26043
2141,MI,Midland,3,3,0,26111
2142,MI,Missaukee,3,3,0,26113
2143,MI,Montcalm,3,3,0,26117
2144,MI,Montmorency,3,3,0,26119
2145,MI,Newaygo,3,3,0,26123
2146,MI,Ogemaw,3,2,1,26129
2147,MI,Osceola,3,3,0,26133
2148,MI,Oscoda,3,3,0,26135
2149,MI,Otsego,3,3,0,26137
2150,MI,Ottawa,3,3,0,26139
2151,MI,Roscommon,3,2,1,26143
2152,MI,Saginaw,3,1,2,26145
2153,MI,Sanilac,3,3,0,26151
2154,MI,St. Joseph,3,3,0,26149
2155,MI,Tuscola,3,3,0,26157
2156,MI,Mecosta,3,3,0,26107
2157,MI,Mackinac,3,3,0,26097
2158,MI,Luce,3,3,0,26095
2159,MI,Ionia,3,3,0,26067
2160,MI,Emmet,3,3,0,26047
2161,MI,Gogebic,3,1,2,26053
2162,MI,Grand Traverse,3,3,0,26055
2163,MI,Hillsdale,3,3,0,26059
2164,MI,Houghton,3,3,0,26061
2165,MI,Huron,3,3,0,26063
2166,MI,Iosco,3,2,1,26069
2167,MI,Livingston,3,3,0,26093
2168,MI,Iron,3,2,1,26071
2169,MI,Isabella,3,1,2,26073
2170,MI,Kalkaska,3,3,0,26079
2171,MI,Keweenaw,3,3,0,26083
2172,MI,Lake,3,1,2,26085
2173,MI,Lapeer,3,3,0,26087
2174,MD,Calvert,3,3,0,24009
2175,LA,Winn,3,3,0,22127
2176,KY,Owen,3,3,0,21187
2177,KY,Washington,3,3,0,21229
2178,KY,Webster,3,3,0,21233
2179,KY,Whitley,3,3,0,21235
2180,KY,Wolfe,3,2,1,21237
2181,KY,Woodford,3,3,0,21239
2182,LA,Acadia,3,3,0,22001
2183,LA,Allen,3,3,0,22003
2184,LA,Ascension,3,3,0,22005
2185,LA,Avoyelles,3,3,0,22009
2186,LA,Beauregard,3,3,0,22011
2187,LA,Bossier,3,3,0,22015
2188,LA,Caddo,3,1,2,22017
2189,LA,Calcasieu,3,3,0,22019
2190,LA,Caldwell,3,3,0,22021
2191,LA,Cameron,3,3,0,22023
2192,LA,Catahoula,3,3,0,22025
2193,KY,Wayne,3,3,0,21231
2194,KY,Warren,3,3,0,21227
2195,LA,West Feliciana,3,3,0,22125
2196,KY,Union,3,3,0,21225
2197,KY,Pendleton,3,3,0,21191
2198,KY,Powell,3,3,0,21197
2199,KY,Pulaski,3,3,0,21199
2200,KY,Robertson,3,3,0,21201
2201,KY,Rockcastle,3,3,0,21203
2202,KY,Rowan,3,2,1,21205
2203,KY,Russell,3,3,0,21207
2204,KY,Scott,3,3,0,21209
2205,KY,Shelby,3,3,0,21211
2206,KY,Simpson,3,3,0,21213
2207,KY,Spencer,3,3,0,21215
2208,KY,Taylor,3,3,0,21217
2209,KY,Todd,3,3,0,21219
2210,KY,Trigg,3,3,0,21221
2211,KY,Trimble,3,3,0,21223
2212,LA,Claiborne,3,3,0,22027
2213,LA,Concordia,3,3,0,22029
2214,LA,De Soto,3,3,0,22031
2215,LA,East Feliciana,3,3,0,22037
2216,LA,Richland,3,3,0,22083
2217,LA,Sabine,3,3,0,22085
2218,LA,St. Bernard,3,3,0,22087
2219,LA,St. Charles,3,3,0,22089
2220,LA,St. Martin,3,3,0,22099
2221,LA,St. Mary,3,3,0,22101
2222,LA,St. Tammany,3,3,0,22103
2223,LA,Tangipahoa,3,3,0,22105
2224,LA,Terrebonne,3,3,0,22109
2225,LA,Union,3,3,0,22111
2226,LA,Vermilion,3,3,0,22113
2227,LA,Vernon,3,3,0,22115
2228,LA,Washington,3,3,0,22117
2229,LA,Webster,3,3,0,22119
2230,LA,West Carroll,3,3,0,22123
2231,LA,Red River,3,3,0,22081
2232,LA,Rapides,3,3,0,22079
2233,LA,Plaquemines,3,3,0,22075
2234,LA,Jefferson Davis,3,3,0,22053
2235,LA,Evangeline,3,3,0,22039
2236,LA,Franklin,3,3,0,22041
2237,LA,Grant,3,3,0,22043
2238,LA,Iberia,3,3,0,22045
2239,LA,Jackson,3,3,0,22049
2240,LA,Jefferson,3,3,0,22051
2241,LA,La Salle,3,3,0,22059
2242,LA,Ouachita,3,3,0,22073
2243,LA,Lafayette,3,3,0,22055
2244,LA,Lafourche,3,3,0,22057
2245,LA,Lincoln,3,3,0,22061
2246,LA,Livingston,3,3,0,22063
2247,LA,Morehouse,3,3,0,22067
2248,LA,Natchitoches,3,3,0,22069
2249,MI,Wexford,3,3,0,26165
2250,MN,Aitkin,3,2,1,27001
2251,MN,Anoka,3,3,0,27003
2252,MO,Grundy,3,3,0,29079
2253,MO,Henry,3,3,0,29083
2254,MO,Hickory,3,3,0,29085
2255,MO,Holt,3,3,0,29087
2256,MO,Howard,3,3,0,29089
2257,MO,Howell,3,3,0,29091
2258,MO,Jasper,3,3,0,29097
2259,MO,Jefferson,3,2,1,29099
2260,MO,Johnson,3,3,0,29101
2261,MO,Knox,3,3,0,29103
2262,MO,Laclede,3,3,0,29105
2263,MO,Lafayette,3,3,0,29107
2264,MO,Lawrence,3,3,0,29109
2265,MO,Lewis,3,3,0,29111
2266,MO,Lincoln,3,3,0,29113
2267,MO,Linn,3,3,0,29115
2268,MO,Harrison,3,3,0,29081
2269,MO,Greene,3,3,0,29077
2270,MN,Becker,3,3,0,27005
2271,MO,Gentry,3,3,0,29075
2272,MO,Christian,3,3,0,29043
2273,MO,Clark,3,3,0,29045
2274,MO,Clinton,3,3,0,29049
2275,MO,Cole,3,3,0,29051
2276,MO,Cooper,3,3,0,29053
2277,MO,Crawford,3,3,0,29055
2278,MO,Dade,3,3,0,29057
2279,MO,Dallas,3,3,0,29059
2280,MO,Daviess,3,3,0,29061
2281,MO,DeKalb,3,3,0,29063
2282,MO,Dent,3,3,0,29065
2283,MO,Douglas,3,3,0,29067
2284,MO,Dunklin,3,3,0,29069
2285,MO,Franklin,3,3,0,29071
2286,MO,Gasconade,3,3,0,29073
2287,MO,Livingston,3,3,0,29117
2288,MO,Macon,3,3,0,29121
2289,MO,Madison,3,3,0,29123
2290,MO,Maries,3,3,0,29125
2291,MO,Polk,3,3,0,29167
2292,MO,Pulaski,3,3,0,29169
2293,MO,Putnam,3,3,0,29171
2294,MO,Ralls,3,3,0,29173
2295,MO,Randolph,3,3,0,29175
2296,MO,Reynolds,3,3,0,29179
2297,MO,Ripley,3,3,0,29181
2298,MO,Schuyler,3,3,0,29197
2299,MO,Scotland,3,3,0,29199
2300,MO,Scott,3,3,0,29201
2301,MO,Shannon,3,3,0,29203
2302,MO,Shelby,3,3,0,29205
2303,MO,St. Charles,3,3,0,29183
2304,MO,St. Clair,3,3,0,29185
2305,MO,St. Francois,3,3,0,29187
2306,MO,Platte,3,3,0,29165
2307,MO,Pike,3,3,0,29163
2308,MO,Phelps,3,3,0,29161
2309,MO,Montgomery,3,3,0,29139
2310,MO,Marion,3,3,0,29127
2311,MO,McDonald,3,3,0,29119
2312,MO,Mercer,3,3,0,29129
2313,MO,Miller,3,3,0,29131
2314,MO,Moniteau,3,3,0,29135
2315,MO,Monroe,3,3,0,29137
2316,MO,Morgan,3,3,0,29141
2317,MO,Pettis,3,3,0,29159
2318,MO,Newton,3,3,0,29145
2319,MO,Nodaway,3,3,0,29147
2320,MO,Oregon,3,3,0,29149
2321,MO,Osage,3,3,0,29151
2322,MO,Ozark,3,3,0,29153
2323,MO,Perry,3,3,0,29157
2324,MO,Chariton,3,3,0,29041
2325,MO,Cedar,3,3,0,29039
2326,MO,Cass,3,3,0,29037
2327,MN,Pipestone,3,3,0,27117
2328,MN,Jackson,3,3,0,27063
2329,MN,Kanabec,3,3,0,27065
2330,MN,Kandiyohi,3,3,0,27067
2331,MN,Lake of the Woods,3,3,0,27077
2332,MN,Le Sueur,3,3,0,27079
2333,MN,Lincoln,3,2,1,27081
2334,MN,Lyon,3,3,0,27083
2335,MN,Martin,3,3,0,27091
2336,MN,McLeod,3,3,0,27085
2337,MN,Meeker,3,3,0,27093
2338,MN,Mille Lacs,3,3,0,27095
2339,MN,Morrison,3,3,0,27097
2340,MN,Mower,3,1,2,27099
2341,MN,Nobles,3,3,0,27105
2342,MN,Itasca,3,1,2,27061
2343,MN,Isanti,3,3,0,27059
2344,MN,Hubbard,3,3,0,27057
2345,MN,Cook,3,1,2,27031
2346,MN,Benton,3,3,0,27009
2347,MN,Brown,3,3,0,27015
2348,MN,Carver,3,3,0,27019
2349,MN,Cass,3,3,0,27021
2350,MN,Chisago,3,3,0,27025
2351,MN,Clearwater,3,3,0,27029
2352,MN,Cottonwood,3,3,0,27033
2353,MN,Goodhue,3,3,0,27049
2354,MN,Crow Wing,3,3,0,27035
2355,MN,Dodge,3,3,0,27039
2356,MN,Douglas,3,3,0,27041
2357,MN,Faribault,3,3,0,27043
2358,MN,Fillmore,3,1,2,27045
2359,MN,Freeborn,3,1,2,27047
2360,MN,Otter Tail,3,3,0,27111
2361,MN,Redwood,3,3,0,27127
2362,MO,Carter,3,3,0,29035
2363,MN,Renville,3,3,0,27129
2364,MO,Atchison,3,3,0,29005
2365,MO,Audrain,3,3,0,29007
2366,MO,Barry,3,3,0,29009
2367,MO,Barton,3,3,0,29011
2368,MO,Bates,3,3,0,29013
2369,MO,Benton,3,3,0,29015
2370,MO,Bollinger,3,3,0,29017
2371,MO,Boone,3,1,2,29019
2372,MO,Buchanan,3,2,1,29021
2373,MO,Butler,3,3,0,29023
2374,MO,Caldwell,3,3,0,29025
2375,MO,Callaway,3,3,0,29027
2376,MO,Camden,3,3,0,29029
2377,MO,Cape Girardeau,3,3,0,29031
2378,MO,Carroll,3,3,0,29033
2379,MO,Andrew,3,3,0,29003
2380,MO,Adair,3,3,0,29001
2381,MN,Wright,3,3,0,27171
2382,MN,Stearns,3,3,0,27145
2383,MN,Rice,3,1,2,27131
2384,MN,Rock,3,3,0,27133
2385,MN,Roseau,3,3,0,27135
2386,MN,Scott,3,3,0,27139
2387,MN,Sherburne,3,3,0,27141
2388,MN,Sibley,3,3,0,27143
2389,MN,Steele,3,3,0,27147
2390,MN,Winona,3,1,2,27169
2391,MN,Swift,3,1,2,27151
2392,MN,Todd,3,3,0,27153
2393,MN,Wabasha,3,3,0,27157
2394,MN,Wadena,3,3,0,27159
2395,MN,Waseca,3,3,0,27161
2396,MN,Wilkin,3,3,0,27167
2397,KY,Owsley,3,3,0,21189
2398,MD,Frederick,3,3,0,24021
2399,WY,Weston,3,3,0,56045
2400,KY,Jackson,3,3,0,21109
2401,KS,Linn,3,3,0,20107
2402,KS,Sheridan,3,3,0,20179
2403,KY,Knox,3,3,0,21121
2404,KS,Logan,3,3,0,20109
2405,KS,Lyon,3,3,0,20111
2406,KY,Campbell,3,3,0,21037
2407,KY,Kenton,3,3,0,21117
2408,KY,Johnson,3,3,0,21115
2409,KS,Shawnee,3,3,0,20177
2410,KY,Jessamine,3,3,0,21113
2411,KS,Seward,3,3,0,20175
2412,KS,Russell,3,3,0,20167
2413,KY,Carlisle,3,3,0,21039
2414,KS,Marion,3,3,0,20115
2415,KY,Hopkins,3,3,0,21107
2416,KS,Marshall,3,3,0,20117
2417,KY,Hickman,3,3,0,21105
2418,KY,Carroll,3,3,0,21041
2419,KS,Sedgwick,3,3,0,20173
2420,KY,Casey,3,3,0,21045
2421,KY,Christian,3,3,0,21047
2422,KS,Scott,3,3,0,20171
2423,KY,Calloway,3,3,0,21035
2424,KS,Lincoln,3,3,0,20105
2425,KY,Larue,3,3,0,21123
2426,KS,Sherman,3,3,0,20181
2427,KY,Butler,3,3,0,21031
2428,KY,Marshall,3,3,0,21157
2429,KS,Kingman,3,3,0,20095
2430,KS,Kiowa,3,3,0,20097
2431,KS,Labette,3,3,0,20099
2432,KS,Stanton,3,3,0,20187
2433,KY,Marion,3,3,0,21155
2434,KY,Madison,3,3,0,21151
2435,KY,Lyon,3,3,0,21143
2436,KS,Lane,3,3,0,20101
2437,KS,Leavenworth,3,3,0,20103
2438,KY,Caldwell,3,3,0,21033
2439,KY,Livingston,3,3,0,21139
2440,KY,Lincoln,3,3,0,21137
2441,KY,Lewis,3,3,0,21135
2442,KS,Stafford,3,3,0,20185
2443,KY,Leslie,3,3,0,21131
2444,KY,Lee,3,3,0,21129
2445,KY,Lawrence,3,3,0,21127
2446,KS,Smith,3,3,0,20183
2447,KY,Laurel,3,3,0,21125
2448,KS,Saline,3,3,0,20169
2449,KY,Clark,3,3,0,21049
2450,KY,Martin,3,3,0,21159
2451,KY,Gallatin,3,3,0,21077
2452,KS,Ness,3,3,0,20135
2453,KY,Grayson,3,3,0,21085
2454,KS,Norton,3,3,0,20137
2455,KS,Reno,3,3,0,20155
2456,KY,Graves,3,3,0,21083
2457,KS,Osage,3,3,0,20139
2458,KY,Grant,3,3,0,21081
2459,KY,Daviess,3,3,0,21059
2460,KY,Garrard,3,3,0,21079
2461,KY,Edmonson,3,3,0,21061
2462,KY,Elliott,3,1,2,21063
2463,KS,McPherson,3,3,0,20113
2464,KS,Rawlins,3,3,0,20153
2465,KY,Estill,3,3,0,21065
2466,KS,Osborne,3,3,0,20141
2467,KS,Ottawa,3,3,0,20143
2468,KS,Pratt,3,3,0,20151
2469,KS,Pottawatomie,3,3,0,20149
2470,KY,Fleming,3,3,0,21069
2471,KY,Franklin,3,2,1,21073
2472,KS,Phillips,3,3,0,20147
2473,KS,Pawnee,3,3,0,20145
2474,KY,Green,3,3,0,21087
2475,KS,Neosho,3,3,0,20133
2476,KY,Cumberland,3,3,0,21057
2477,KY,Greenup,3,3,0,21089
2478,KS,Meade,3,3,0,20119
2479,KS,Miami,3,3,0,20121
2480,KY,Clay,3,3,0,21051
2481,KS,Rush,3,3,0,20165
2482,KY,Henry,3,3,0,21103
2483,KS,Mitchell,3,3,0,20123
2484,KS,Montgomery,3,3,0,20125
2485,KS,Rooks,3,3,0,20163
2486,KY,Adair,3,3,0,21001
2487,KY,Henderson,3,2,1,21101
2488,KY,Hart,3,3,0,21099
2489,KY,Clinton,3,3,0,21053
2490,KS,Riley,3,3,0,20161
2491,KY,Harrison,3,3,0,21097
2492,KS,Rice,3,3,0,20159
2493,KY,Hardin,3,3,0,21093
2494,KS,Morris,3,3,0,20127
2495,KS,Republic,3,3,0,20157
2496,KS,Morton,3,3,0,20129
2497,KS,Nemaha,3,3,0,20131
2498,KY,Crittenden,3,3,0,21055
2499,KS,Kearny,3,3,0,20093
2500,KY,Logan,3,3,0,21141
2501,KS,Johnson,3,3,0,20091
2502,KY,Monroe,3,3,0,21171
2503,KS,Geary,3,3,0,20061
2504,KY,Boone,3,3,0,21015
2505,KS,Wallace,3,3,0,20199
2506,KS,Gove,3,3,0,20063
2507,KY,Bourbon,3,3,0,21017
2508,KY,Ohio,3,3,0,21183
2509,KS,Wabaunsee,3,3,0,20197
2510,KY,Boyle,3,3,0,21021
2511,KS,Grant,3,3,0,20067
2512,KY,Nicholas,3,3,0,21181
2513,KS,Gray,3,3,0,20069
2514,KY,Bracken,3,3,0,21023
2515,KS,Greeley,3,3,0,20071
2516,KY,Nelson,3,3,0,21179
2517,KS,Trego,3,3,0,20195
2518,KY,Morgan,3,3,0,21175
2519,KY,Montgomery,3,3,0,21173
2520,KS,Franklin,3,3,0,20059
2521,KS,Ford,3,3,0,20057
2522,KS,Finney,3,3,0,20055
2523,KS,Edwards,3,3,0,20047
2524,KY,Oldham,3,3,0,21185
2525,KY,Allen,3,3,0,21003
2526,KY,Anderson,3,3,0,21005
2527,KS,Cowley,3,3,0,20035
2528,KS,Decatur,3,3,0,20039
2529,KS,Dickinson,3,3,0,20041
2530,KS,Doniphan,3,3,0,20043
2531,KY,Barren,3,3,0,21009
2532,KY,Bell,3,3,0,21013
2533,KS,Woodson,3,3,0,20207
2534,KS,Elk,3,3,0,20049
2535,KS,Wilson,3,3,0,20205
2536,KS,Wichita,3,3,0,20203
2537,KS,Ellis,3,3,0,20051
2538,KS,Ellsworth,3,3,0,20053
2539,KS,Washington,3,3,0,20201
2540,KS,Greenwood,3,3,0,20073
2541,KS,Graham,3,3,0,20065
2542,KS,Haskell,3,3,0,20081
2543,KS,Jefferson,3,3,0,20087
2544,KY,Mercer,3,3,0,21167
2545,KS,Harvey,3,3,0,20079
2546,KS,Hodgeman,3,3,0,20083
2547,KY,Metcalfe,3,3,0,21169
2548,KY,Bullitt,3,3,0,21029
2549,KY,Meade,3,3,0,21163
2550,KS,Jackson,3,3,0,20085
2551,KY,Breckinridge,3,3,0,21027
2552,KS,Thomas,3,3,0,20193
2553,KY,McLean,3,3,0,21149
2554,KS,Harper,3,3,0,20077
2555,KY,Menifee,3,2,1,21165
2556,KS,Hamilton,3,3,0,20075
2557,KS,Stevens,3,3,0,20189
2558,KY,McCreary,3,3,0,21147
2559,KY,Mason,3,3,0,21161
2560,KS,Jewell,3,3,0,20089
2561,KS,Sumner,3,3,0,20191
2562,KY,McCracken,3,3,0,21145
2563,OH,Lorain,2,0,2,39093
2564,CA,Marin,2,0,2,6041
2565,PA,Greene,2,2,0,42059
2566,AZ,Coconino,2,0,2,4005
2567,NC,Chowan,2,2,0,37041
2568,AR,St. Francis,2,0,2,5123
2569,OH,Lucas,2,0,2,39095
2570,VT,Addison,2,0,2,50001
2571,PA,Lehigh,2,0,2,42077
2572,CO,Boulder,2,0,2,8013
2573,NC,Chatham,2,0,2,37037
2574,CA,Napa,2,0,2,6055
2575,CA,Monterey,2,0,2,6053
2576,KS,Wyandotte,2,0,2,20209
2577,VA,Sussex,2,0,2,51183
2578,OR,Washington,2,0,2,41067
2579,AZ,Apache,2,0,2,4001
2580,VA,Southampton,2,2,0,51175
2581,CO,Costilla,2,0,2,8023
2582,PA,Lackawanna,2,0,2,42069
2583,OH,Cuyahoga,2,0,2,39035
2584,PA,Lawrence,2,2,0,42073
2585,OH,Mahoning,2,0,2,39099
2586,CO,Denver,2,0,2,8031
2587,VA,Surry,2,0,2,51181
2588,CA,San Francisco,2,0,2,6075
2589,PA,Allegheny,2,0,2,42003
2590,VA,Northampton,2,0,2,51131
2591,CA,Contra Costa,2,0,2,6013
2592,VA,Greensville,2,0,2,51081
2593,CA,Solano,2,0,2,6095
2594,CA,Sacramento,2,0,2,6067
2595,OH,Franklin,2,0,2,39049
2596,CA,Santa Cruz,2,0,2,6087
2597,CA,Los Angeles,2,0,2,6037
2598,MT,Silver Bow,2,0,2,30093
2599,CA,Santa Clara,2,0,2,6085
2600,CA,Santa Barbara,2,0,2,6083
2601,CA,San Mateo,2,0,2,6081
2602,CA,San Benito,2,0,2,6069
2603,CA,Humboldt,2,0,2,6023
2604,CA,Sonoma,2,0,2,6097
2605,CA,Mendocino,2,0,2,6045
2606,NC,Anson,2,0,2,37007
2607,CA,Imperial,2,0,2,6025
2608,VA,Russell,2,2,0,51167
2609,NC,Bertie,2,0,2,37015
2610,AZ,Pima,2,0,2,4019
2611,CA,Yolo,2,0,2,6113
2612,AZ,Santa Cruz,2,0,2,4023
2613,MN,Pine,2,1,1,27115
2614,CA,Orange,2,2,0,6059
2615,OH,Jefferson,2,1,1,39081
2616,CA,Alameda,2,0,2,6001
2617,CA,Lake,2,0,2,6033
2618,MN,Ramsey,2,0,2,27123
2619,PA,Bucks,2,0,2,42017
2620,PA,Delaware,2,0,2,42045
2621,OR,Multnomah,2,0,2,41051
2622,WA,Thurston,2,0,2,53067
2623,VT,Bennington,2,0,2,50003
2624,AL,Hale,2,0,2,1065
2625,WV,McDowell,2,1,1,54047
2626,MS,Jefferson,2,0,2,28063
2627,MS,Jefferson Davis,2,0,2,28065
2628,WV,Marion,2,1,1,54049
2629,WV,Lincoln,2,2,0,54043
2630,WV,Kanawha,2,2,0,54039
2631,AL,Dallas,2,0,2,1047
2632,MS,Kemper,2,0,2,28069
2633,WV,Harrison,2,2,0,54033
2634,MO,New Madrid,2,2,0,29143
2635,OK,Okmulgee,2,2,0,40111
2636,OK,Ottawa,2,2,0,40115
2637,MO,Mississippi,2,2,0,29133
2638,AL,Greene,2,0,2,1063
2639,MS,Leflore,2,0,2,28083
2640,OH,Monroe,2,1,1,39111
2641,WV,Braxton,2,1,1,54007
2642,WV,Boone,2,1,1,54005
2643,AL,Jackson,2,2,0,1071
2644,AL,Lawrence,2,2,0,1079
2645,MS,Marshall,2,0,2,28093
2646,AL,Lowndes,2,0,2,1085
2647,AL,Macon,2,0,2,1087
2648,IN,Scott,2,2,0,18143
2649,MS,Noxubee,2,0,2,28103
2650,AL,Montgomery,2,0,2,1101
2651,AL,Perry,2,0,2,1105
2652,WI,Rock,2,0,2,55105
2653,AL,Russell,2,0,2,1113
2654,WI,Portage,2,0,2,55097
2655,AL,Colbert,2,2,0,1033
2656,MS,Issaquena,2,0,2,28055
2657,MS,Humphreys,2,0,2,28053
2658,MS,Holmes,2,0,2,28051
2659,OK,Haskell,2,2,0,40061
2660,OK,Hughes,2,2,0,40063
2661,MS,Adams,2,0,2,28001
2662,KS,Douglas,2,0,2,20045
2663,MO,Saline,2,2,0,29195
2664,MS,Benton,2,1,1,28009
2665,MS,Bolivar,2,0,2,28011
2666,OK,Latimer,2,2,0,40077
2667,MO,Ray,2,2,0,29177
2668,WV,Wyoming,2,2,0,54109
2669,MS,Claiborne,2,0,2,28021
2670,WV,Webster,2,1,1,54101
2671,MS,Clay,2,0,2,28025
2672,MS,Coahoma,2,0,2,28027
2673,OK,Choctaw,2,2,0,40023
2674,AL,Bullock,2,0,2,1011
2675,OK,Cherokee,2,2,0,40021
2676,OK,McIntosh,2,2,0,40091
2677,MO,Pemiscot,2,2,0,29155
2678,OK,Muskogee,2,2,0,40101
2679,AL,Choctaw,2,2,0,1023
2680,MS,Hinds,2,0,2,28049
2681,AL,Sumter,2,0,2,1119
2682,WI,Pierce,2,1,1,55093
2683,MS,Quitman,2,0,2,28119
2684,AR,Hot Spring,2,2,0,5059
2685,AR,Jefferson,2,0,2,5069
2686,MT,Big Horn,2,0,2,30003
2687,AR,Lafayette,2,2,0,5073
2688,WA,Snohomish,2,0,2,53061
2689,AR,Lee,2,0,2,5077
2690,WA,San Juan,2,0,2,53055
2691,WA,Pierce,2,0,2,53053
2692,IN,Lake,2,0,2,18089
2693,OR,Hood River,2,0,2,41027
2694,WA,Kitsap,2,0,2,53035
2695,WA,King,2,0,2,53033
2696,WA,Jefferson,2,0,2,53031
2697,AR,Nevada,2,2,0,5099
2698,AR,Ouachita,2,2,0,5103
2699,AR,Phillips,2,0,2,5107
2700,OR,Lane,2,0,2,41039
2701,MT,Deer Lodge,2,0,2,30023
2702,OR,Lincoln,2,0,2,41041
2703,AR,Pulaski,2,0,2,5119
2704,MO,Clay,2,2,0,29047
2705,VT,Windsor,2,0,2,50027
2706,VT,Windham,2,0,2,50025
2707,VT,Washington,2,0,2,50023
2708,VT,Rutland,2,0,2,50021
2709,VT,Lamoille,2,0,2,50015
2710,VT,Grand Isle,2,0,2,50013
2711,VT,Franklin,2,0,2,50011
2712,MT,Glacier,2,0,2,30035
2713,VT,Chittenden,2,0,2,50007
2714,AR,Izard,2,2,0,5065
2715,WI,Ashland,2,0,2,55003
2716,WI,Bayfield,2,0,2,55007
2717,OH,Summit,2,0,2,39153
2718,MS,Sharkey,2,0,2,28125
2719,AL,Wilcox,2,0,2,1131
2720,WI,Milwaukee,2,0,2,55079
2721,WI,Menominee,2,0,2,55078
2722,MO,Jackson,2,2,0,29095
2723,AR,Ashley,2,2,0,5003
2724,MS,Sunflower,2,0,2,28133
2725,MS,Tallahatchie,2,0,2,28135
2726,WI,La Crosse,2,0,2,55063
2727,OR,Benton,2,0,2,41003
2728,AR,Chicot,2,0,2,5017
2729,MS,Tunica,2,0,2,28143
2730,WI,Iowa,2,0,2,55049
2731,OR,Clatsop,2,0,2,41007
2732,WI,Green,2,0,2,55045
2733,AR,Craighead,2,2,0,5031
2734,MS,Washington,2,0,2,28151
2735,WI,Eau Claire,2,0,2,55035
2736,AR,Crittenden,2,0,2,5035
2737,WI,Douglas,2,0,2,55031
2738,AR,Cross,2,2,0,5037
2739,AR,Dallas,2,2,0,5039
2740,WI,Dane,2,0,2,55025
2741,AR,Desha,2,0,2,5041
2742,AR,Drew,2,2,0,5043
2743,MS,Wilkinson,2,0,2,28157
2744,MS,Yalobusha,2,2,0,28161
2745,AR,Greene,2,2,0,5055
2746,OH,Athens,2,0,2,39009
2747,VA,Charles City,2,0,2,51036
2748,GA,McIntosh,2,2,0,13191
2749,TX,El Paso,2,0,2,48141
2750,LA,St. James,2,0,2,22093
2751,LA,St. John the Baptist,2,0,2,22095
2752,GA,Mitchell,2,2,0,13205
2753,LA,St. Landry,2,2,0,22097
2754,GA,Meriwether,2,2,0,13199
2755,NY,Albany,2,0,2,36001
2756,GA,Muscogee,2,0,2,13215
2757,TX,Fort Bend,2,2,0,48157
2758,NY,Bronx,2,0,2,36005
2759,GA,Macon,2,0,2,13193
2760,LA,Tensas,2,0,2,22107
2761,GA,Liberty,2,0,2,13179
2762,KY,Jefferson,2,0,2,21111
2763,LA,St. Helena,2,0,2,22091
2764,TX,Duval,2,0,2,48131
2765,NM,Taos,2,0,2,35055
2766,GA,Talbot,2,0,2,13263
2767,LA,Iberville,2,0,2,22047
2768,GA,Terrell,2,0,2,13273
2769,GA,Telfair,2,2,0,13271
2770,NV,Clark,2,0,2,32003
2771,GA,Taliaferro,2,0,2,13265
2772,GA,Stewart,2,0,2,13259
2773,TX,Dimmit,2,0,2,48127
2774,KY,Magoffin,2,2,0,21153
2775,LA,Madison,2,0,2,22065
2776,GA,Richmond,2,0,2,13245
2777,GA,Randolph,2,0,2,13243
2778,LA,Orleans,2,0,2,22071
2779,KY,Letcher,2,2,0,21133
2780,NY,Clinton,2,0,2,36019
2781,LA,West Baton Rouge,2,2,0,22121
2782,NY,Columbia,2,0,2,36021
2783,MN,Lake,2,0,2,27075
2784,MA,Worcester,2,0,2,25027
2785,MD,Anne Arundel,2,2,0,24003
2786,GA,Fulton,2,0,2,13121
2787,MD,Baltimore,2,0,2,24005
2788,SD,Dewey,2,0,2,46041
2789,MD,Charles,2,0,2,24017
2790,GA,Jefferson,2,0,2,13163
2791,TX,Jim Hogg,2,0,2,48247
2792,TX,Jim Wells,2,0,2,48249
2793,KY,Harlan,2,2,0,21095
2794,GA,Dougherty,2,0,2,13095
2795,SD,Clay,2,0,2,46027
2796,MD,Howard,2,0,2,24027
2797,MA,Suffolk,2,0,2,25025
2798,MA,Plymouth,2,0,2,25023
2799,MA,Norfolk,2,0,2,25021
2800,GA,Gwinnett,2,2,0,13135
2801,TX,Hidalgo,2,0,2,48215
2802,MA,Nantucket,2,0,2,25019
2803,MA,Middlesex,2,0,2,25017
2804,GA,Hancock,2,0,2,13141
2805,MA,Hampshire,2,0,2,25015
2806,MA,Hampden,2,0,2,25013
2807,MA,Franklin,2,0,2,25011
2808,MA,Essex,2,0,2,25009
2809,GA,Henry,2,2,0,13151
2810,MA,Dukes,2,0,2,25007
2811,MA,Bristol,2,0,2,25005
2812,MA,Berkshire,2,0,2,25003
2813,MA,Barnstable,2,0,2,25001
2814,ID,Blaine,2,0,2,16013
2815,LA,East Carroll,2,0,2,22035
2816,GA,DeKalb,2,0,2,13089
2817,NJ,Middlesex,2,0,2,34023
2818,NM,Guadalupe,2,0,2,35019
2819,TN,Marion,2,2,0,47115
2820,TN,Marshall,2,2,0,47117
2821,TN,Dickson,2,2,0,47043
2822,NJ,Monmouth,2,2,0,34025
2823,IA,Johnson,2,0,2,19103
2824,NJ,Mercer,2,0,2,34021
2825,NJ,Passaic,2,0,2,34031
2826,TN,Decatur,2,2,0,47039
2827,NJ,Hudson,2,0,2,34017
2828,TN,DeKalb,2,2,0,47041
2829,NJ,Essex,2,0,2,34013
2830,NJ,Cumberland,2,0,2,34011
2831,TN,Davidson,2,0,2,47037
2832,IA,Linn,2,0,2,19113
2833,IA,Polk,2,0,2,19153
2834,NM,Socorro,2,0,2,35053
2835,TN,Hickman,2,2,0,47081
2836,TN,Giles,2,2,0,47055
2837,NM,Cibola,2,0,2,35006
2838,KY,Perry,2,2,0,21193
2839,TN,Haywood,2,0,2,47075
2840,NM,Bernalillo,2,0,2,35001
2841,TN,Henry,2,2,0,47079
2842,TN,Houston,2,1,1,47083
2843,TN,Lewis,2,2,0,47101
2844,TN,Jackson,2,1,1,47087
2845,TN,Gibson,2,2,0,47053
2846,NJ,Union,2,0,2,34039
2847,TN,Franklin,2,2,0,47051
2848,TN,Lake,2,2,0,47095
2849,NM,Grant,2,0,2,35017
2850,NJ,Camden,2,0,2,34007
2851,NJ,Burlington,2,0,2,34005
2852,NJ,Bergen,2,0,2,34003
2853,GA,Wilkinson,2,2,0,13319
2854,IA,Benton,2,1,1,19011
2855,HI,Maui,2,0,2,15009
2856,HI,Kauai,2,0,2,15007
2857,HI,Honolulu,2,0,2,15003
2858,HI,Hawaii,2,0,2,15001
2859,TN,Bedford,2,2,0,47003
2860,LA,Bienville,2,2,0,22013
2861,TN,Robertson,2,2,0,47147
2862,NM,Rio Arriba,2,0,2,35039
2863,NM,San Miguel,2,0,2,35047
2864,TX,Brooks,2,0,2,48047
2865,GA,Warren,2,0,2,13301
2866,NM,Santa Fe,2,0,2,35049
2867,SD,Todd,2,0,2,46121
2868,IA,Black Hawk,2,0,2,19013
2869,NM,Mora,2,0,2,35033
2870,NM,McKinley,2,0,2,35031
2871,TN,Campbell,2,2,0,47013
2872,TN,Cannon,2,2,0,47015
2873,IA,Story,2,0,2,19169
2874,TN,White,2,2,0,47185
2875,KY,Muhlenberg,2,2,0,21177
2876,TN,Warren,2,2,0,47177
2877,NH,Cheshire,2,0,2,33005
2878,IA,Scott,2,0,2,19163
2879,NH,Grafton,2,0,2,33009
2880,NH,Merrimack,2,0,2,33013
2881,TN,Shelby,2,0,2,47157
2882,TN,Crockett,2,2,0,47033
2883,NH,Strafford,2,0,2,33017
2884,NJ,Atlantic,2,0,2,34001
2885,MD,Montgomery,2,0,2,24031
2886,NY,Erie,2,0,2,36029
2887,MD,Prince George's,2,0,2,24033
2888,CT,New London,2,0,2,9011
2889,NC,Northampton,2,0,2,37131
2890,RI,Providence,2,0,2,44007
2891,RI,Newport,2,0,2,44005
2892,TX,Webb,2,0,2,48479
2893,RI,Bristol,2,0,2,44001
2894,FL,Broward,2,0,2,12011
2895,TX,Willacy,2,0,2,48489
2896,MI,Washtenaw,2,0,2,26161
2897,MI,Wayne,2,0,2,26163
2898,NY,Westchester,2,0,2,36119
2899,FL,Alachua,2,0,2,12001
2900,DE,New Castle,2,0,2,10003
2901,TX,Zapata,2,0,2,48505
2902,TX,Zavala,2,0,2,48507
2903,RI,Washington,2,0,2,44009
2904,NC,Orange,2,0,2,37135
2905,NC,Pasquotank,2,0,2,37139
2906,FL,Hernando,2,2,0,12053
2907,FL,Leon,2,0,2,12073
2908,SC,Clarendon,2,0,2,45027
2909,TX,Starr,2,0,2,48427
2910,KY,Carter,2,2,0,21043
2911,NC,Scotland,2,0,2,37165
2912,MI,Marquette,2,0,2,26103
2913,IL,Madison,2,1,1,17119
2914,NY,Ulster,2,0,2,36111
2915,MO,Ste. Genevieve,2,1,1,29186
2916,SC,Bamberg,2,0,2,45009
2917,MI,Oakland,2,0,2,26125
2918,FL,Gadsden,2,0,2,12039
2919,NY,Tompkins,2,0,2,36109
2920,SC,Allendale,2,0,2,45005
2921,CT,Tolland,2,0,2,9013
2922,CT,New Haven,2,0,2,9009
2923,NC,Vance,2,0,2,37181
2924,CT,Middlesex,2,0,2,9007
2925,KY,Bath,2,2,0,21011
2926,IL,St. Clair,2,0,2,17163
2927,MN,Hennepin,2,0,2,27053
2928,NC,Edgecombe,2,0,2,37065
2929,NC,Durham,2,0,2,37063
2930,VA,Arlington,2,0,2,51013
2931,CO,Lake,2,0,2,8065
2932,PA,Montgomery,2,0,2,42091
2933,OH,Clark,2,2,0,39023
2934,KY,Ballard,2,2,0,21007
2935,PA,Mercer,2,2,0,42085
2936,VA,Brunswick,2,0,2,51025
2937,CO,Gilpin,2,0,2,8047
2938,NC,Columbus,2,2,0,37047
2939,PA,Philadelphia,2,0,2,42101
2940,IL,Rock Island,2,0,2,17161
2941,OH,Belmont,2,1,1,39013
2942,CO,Summit,2,0,2,8117
2943,CT,Hartford,2,0,2,9003
2944,CT,Fairfield,2,0,2,9001
2945,IL,Peoria,2,0,2,17143
2946,MN,Big Stone,2,1,1,27011
2947,IL,Perry,2,2,0,17145
2948,MN,Carlton,2,0,2,27017
2949,CO,San Miguel,2,0,2,8113
2950,NC,Halifax,2,0,2,37083
2951,CO,Saguache,2,0,2,8109
2952,NC,Hoke,2,0,2,37093
2953,NC,Hertford,2,0,2,37091
2954,KY,Boyd,2,2,0,21019
2955,NM,Dona Ana,2,0,2,35013
2956,CO,Pitkin,2,0,2,8097
2957,NC,Tyrrell,2,2,0,37177
2958,MI,Muskegon,2,0,2,26121
2959,SC,Dillon,2,0,2,45033
2960,GA,Bibb,2,0,2,13021
2961,TX,Newton,2,2,0,48351
2962,ND,Sioux,2,0,2,38085
2963,SD,Buffalo,2,0,2,46017
2964,NY,Onondaga,2,0,2,36067
2965,ND,Rolette,2,0,2,38079
2966,MI,Arenac,2,1,1,26011
2967,TX,Morris,2,2,0,48343
2968,GA,Cobb,2,2,0,13067
2969,SC,Orangeburg,2,0,2,45075
2970,IL,Franklin,2,2,0,17055
2971,NY,Kings,2,0,2,36047
2972,NC,Warren,2,0,2,37185
2973,SC,Richland,2,0,2,45079
2974,GA,Clayton,2,0,2,13063
2975,SC,Marion,2,0,2,45067
2976,KY,Fulton,2,2,0,21075
2977,ME,York,2,0,2,23031
2978,NY,New York,2,0,2,36061
2979,NY,Nassau,2,0,2,36059
2980,GA,Clay,2,0,2,13061
2981,ME,Sagadahoc,2,0,2,23023
2982,SC,Williamsburg,2,0,2,45089
2983,GA,Clarke,2,0,2,13059
2984,GA,Calhoun,2,0,2,13037
2985,IL,Cook,2,0,2,17031
2986,TX,Maverick,2,0,2,48323
2987,NY,Monroe,2,0,2,36055
2988,ME,Knox,2,0,2,23013
2989,ME,Cumberland,2,0,2,23005
2990,SC,Marlboro,2,0,2,45069
2991,MI,Ingham,2,0,2,26065
2992,SC,Hampton,2,0,2,45049
2993,FL,Miami-Dade,2,0,2,12086
2994,NC,Washington,2,0,2,37187
2995,MI,Kalamazoo,2,0,2,26077
2996,NY,Schenectady,2,0,2,36093
2997,IL,Calhoun,2,1,1,17013
2998,FL,Orange,2,0,2,12095
2999,SC,Fairfield,2,0,2,45039
3000,TX,Robertson,2,2,0,48395
3001,FL,Palm Beach,2,0,2,12099
3002,FL,Pasco,2,2,0,12101
3003,NY,Rockland,2,0,2,36087
3004,IL,Jackson,2,0,2,17077
3005,ME,Hancock,2,0,2,23009
3006,TX,Presidio,2,0,2,48377
3007,NY,Queens,2,0,2,36081
3008,SC,Lee,2,0,2,45061
3009,MI,Genesee,2,0,2,26049
3010,SC,Jasper,2,0,2,45053
3011,FL,Volusia,2,1,1,12127
3012,TX,La Salle,2,0,2,48283
3013,IL,Champaign,2,0,2,17019
3014,AR,Poinsett,1,1,0,5111
3015,AR,Hempstead,1,1,0,5057
3016,TN,Humphreys,1,1,0,47085
3017,AR,Monroe,1,1,0,5095
3018,TN,Lauderdale,1,1,0,47097
3019,TX,Kenedy,1,0,1,48261
3020,AR,Jackson,1,1,0,5067
3021,VA,Buchanan,1,1,0,51027
3022,AR,Lincoln,1,1,0,5079
3023,AR,Little River,1,1,0,5081
3024,KY,Pike,1,1,0,21195
3025,VA,Dickenson,1,1,0,51051
3026,AR,Lawrence,1,1,0,5075
3027,TN,Stewart,1,1,0,47161
3028,AR,Randolph,1,1,0,5121
3029,KY,Breathitt,1,1,0,21025
3030,LA,Pointe Coupee,1,1,0,22077
3031,PA,Beaver,1,1,0,42007
3032,AR,Mississippi,1,1,0,5093
3033,GA,Webster,1,1,0,13307
3034,WV,Brooke,1,1,0,54009
3035,AR,Bradley,1,1,0,5011
3036,LA,Assumption,1,1,0,22007
3037,WV,Fayette,1,1,0,54019
3038,TN,Benton,1,1,0,47005
3039,KY,Knott,1,1,0,21119
3040,AR,Clark,1,1,0,5019
3041,AR,Clay,1,1,0,5021
3042,KY,Floyd,1,1,0,21071
3043,TN,Clay,1,1,0,47027
3044,WV,Logan,1,1,0,54045
3045,TN,Van Buren,1,1,0,47175
3046,TN,Trousdale,1,1,0,47169
3047,WV,Mingo,1,1,0,54059
3048,TN,Smith,1,1,0,47159
3049,PA,Washington,1,1,0,42125
3050,PA,Fayette,1,1,0,42051
3051,TN,Perry,1,1,0,47135
3052,TN,Overton,1,1,0,47133
3053,TN,Grundy,1,1,0,47061
