,state_po,county,cor_pred,Repnum_x,Demnum_x,Repnum_y,Demnum_y
0,NH,Hillsborough,5,3,2,3,2
1,OH,Sandusky,5,3,2,3,2
2,DE,Kent,5,3,2,3,2
3,OH,Ottawa,5,3,2,3,2
4,WA,Clallam,5,3,2,3,2
5,VA,Roanoke,5,3,2,3,2
6,VA,Richmond,5,3,2,3,2
7,WI,Marquette,5,3,2,3,2
8,IL,Carroll,5,3,2,3,2
9,NY,Essex,5,3,2,3,2
10,MI,Van Buren,5,3,2,3,2
11,WI,Lincoln,5,3,2,3,2
12,NY,Cortland,5,3,2,3,2
13,ND,Ransom,5,3,2,3,2
14,ND,Sargent,5,3,2,3,2
15,OH,Wood,5,3,2,3,2
16,IL,Jo Daviess,5,3,2,3,2
17,MI,Shiawassee,5,3,2,3,2
18,ME,Washington,5,3,2,3,2
19,SD,Marshall,5,3,2,3,2
20,NY,Madison,5,3,2,3,2
21,WI,Racine,5,3,2,3,2
22,NY,Otsego,5,3,2,3,2
23,NY,Saratoga,5,3,2,3,2
24,MT,Blaine,5,3,2,3,2
25,VT,Essex,5,3,2,3,2
26,IA,Marshall,5,3,2,3,2
27,NY,Warren,5,3,2,3,2
28,WI,Winnebago,5,3,2,3,2
29,NY,Washington,5,3,2,3,2
30,VA,Westmoreland,5,3,2,3,2
31,WI,Sawyer,5,3,2,3,2
32,IA,Union,5,3,2,3,2
33,MI,Eaton,5,3,2,3,2
34,NY,Orange,5,3,2,3,2
35,MN,Traverse,5,3,2,3,2
36,WI,Richland,5,3,2,3,2
37,IA,Bremer,5,3,2,3,2
38,WI,Juneau,5,3,2,3,2
39,MS,Chickasaw,5,3,2,3,2
40,VA,Chesapeake,5,3,2,3,2
41,MN,Houston,5,3,2,3,2
42,OR,Tillamook,5,3,2,3,2
43,IN,Porter,5,3,2,3,2
44,MT,Hill,5,3,2,3,2
45,IN,Delaware,5,3,2,3,2
46,VA,Franklin,5,3,2,3,2
47,NM,Hidalgo,5,3,2,3,2
48,VA,Essex,5,3,2,3,2
49,IN,Vigo,5,3,2,3,2
50,MN,Clay,5,3,2,3,2
51,VA,Bedford,5,5,0,5,0
52,IL,Warren,5,3,2,3,2
53,NM,Valencia,5,3,2,3,2
54,WI,Door,5,3,2,3,2
55,NY,Oswego,5,3,2,3,2
56,SC,Barnwell,5,3,2,3,2
57,SC,Colleton,5,3,2,3,2
58,SC,Calhoun,5,3,2,3,2
59,IA,Allamakee,5,3,2,3,2
60,VA,Buckingham,5,3,2,3,2
61,WI,Forest,5,3,2,3,2
62,ND,Towner,4,3,1,3,1
63,ND,Steele,4,2,2,2,2
64,MI,Calhoun,4,2,2,2,2
65,GA,Newton,4,2,2,2,2
66,GA,Douglas,4,2,2,2,2
67,NE,Thurston,4,2,2,2,2
68,NH,Belknap,4,3,1,3,1
69,MD,Kent,4,3,1,3,1
70,NH,Carroll,4,3,1,3,1
71,NH,Coos,4,2,2,2,2
72,ND,Eddy,4,3,1,3,1
73,GA,Peach,4,2,2,2,2
74,NE,Saline,4,3,1,3,1
75,ND,Mountrail,4,3,1,3,1
76,LA,East Baton Rouge,4,2,2,2,2
77,MI,Berrien,4,3,1,3,1
78,MI,Benzie,4,3,1,3,1
79,ND,Grand Forks,4,3,1,3,1
80,TX,Harris,4,2,2,2,2
81,ND,Nelson,4,3,1,3,1
82,FL,Pinellas,4,2,2,2,2
83,ND,Traill,4,3,1,3,1
84,TX,Kleberg,4,2,2,2,2
85,ME,Penobscot,4,2,2,2,2
86,GA,Early,4,3,1,3,1
87,GA,Baldwin,4,2,2,2,2
88,SC,Charleston,4,2,2,2,2
89,MI,Cass,4,3,1,3,1
90,NC,Hyde,4,3,1,3,1
91,MI,St. Clair,4,3,1,3,1
92,CO,Larimer,4,2,2,2,2
93,NC,Martin,4,2,2,2,2
94,CO,Jefferson,4,2,2,2,2
95,CO,Huerfano,4,2,2,2,2
96,MN,Beltrami,4,2,2,2,2
97,VA,Caroline,4,2,2,2,2
98,MN,Blue Earth,4,2,2,2,2
99,NC,Jackson,4,3,1,3,1
100,MN,Chippewa,4,2,2,2,2
101,CO,Conejos,4,2,2,2,2
102,NC,Nash,4,3,1,3,1
103,CO,Chaffee,4,3,1,3,1
104,MN,Dakota,4,2,2,2,2
105,CO,Arapahoe,4,2,2,2,2
106,CO,Alamosa,4,2,2,2,2
107,NC,Granville,4,2,2,2,2
108,CA,Ventura,4,2,2,2,2
109,CA,Trinity,4,3,1,3,1
110,MN,Grant,4,3,1,3,1
111,CA,Stanislaus,4,2,2,2,2
112,NC,Forsyth,4,2,2,2,2
113,MI,Schoolcraft,4,3,1,3,1
114,MI,Presque Isle,4,3,1,3,1
115,FL,Hillsborough,4,2,2,2,2
116,MI,Kent,4,3,1,3,1
117,MI,Clinton,4,3,1,3,1
118,ND,Cass,4,3,1,3,1
119,MI,Delta,4,3,1,3,1
120,MI,Gladwin,4,3,1,3,1
121,MI,Gratiot,4,3,1,3,1
122,TX,Val Verde,4,2,2,2,2
123,TX,Dallas,4,2,2,2,2
124,NC,Wilson,4,2,2,2,2
125,MI,Jackson,4,3,1,3,1
126,NC,Wake,4,2,2,2,2
127,MI,Leelanau,4,3,1,3,1
128,CO,Ouray,4,2,2,2,2
129,MI,Lenawee,4,3,1,3,1
130,MI,Macomb,4,2,2,2,2
131,MI,Manistee,4,2,2,2,2
132,MI,Mason,4,3,1,3,1
133,MI,Menominee,4,3,1,3,1
134,UT,Grand,4,3,1,3,1
135,MI,Monroe,4,2,2,2,2
136,NC,Pitt,4,2,2,2,2
137,MI,Oceana,4,3,1,3,1
138,MI,Ontonagon,4,3,1,3,1
139,ND,Benson,4,2,2,2,2
140,IA,Audubon,4,3,1,3,1
141,NH,Rockingham,4,3,1,3,1
142,IL,McDonough,4,3,1,3,1
143,SC,Chester,4,2,2,2,2
144,IL,Lake,4,2,2,2,2
145,SC,Darlington,4,3,1,3,1
146,IL,Kendall,4,3,1,3,1
147,IL,Kankakee,4,3,1,3,1
148,IL,Kane,4,2,2,2,2
149,IL,Henry,4,2,2,2,2
150,IL,Grundy,4,3,1,3,1
151,OH,Tuscarawas,4,3,1,3,1
152,IL,DuPage,4,2,2,2,2
153,IL,DeKalb,4,2,2,2,2
154,OH,Stark,4,2,2,2,2
155,SD,Brookings,4,3,1,3,1
156,IL,Coles,4,3,1,3,1
157,SD,Brown,4,3,1,3,1
158,IL,Cass,4,3,1,3,1
159,IL,Bureau,4,3,1,3,1
160,IL,Boone,4,3,1,3,1
161,SD,Corson,4,2,2,2,2
162,SD,Day,4,2,2,2,2
163,ID,Teton,4,3,1,3,1
164,IL,Mason,4,3,1,3,1
165,IL,McHenry,4,3,1,3,1
166,NH,Sullivan,4,2,2,2,2
167,IL,McLean,4,3,1,3,1
168,OR,Jackson,4,3,1,3,1
169,OR,Clackamas,4,2,2,2,2
170,OR,Marion,4,3,1,3,1
171,IN,Perry,4,2,2,2,2
172,OR,Wasco,4,3,1,3,1
173,PA,Berks,4,3,1,3,1
174,IN,Spencer,4,3,1,3,1
175,PA,Centre,4,2,2,2,2
176,IN,Starke,4,3,1,3,1
177,IN,Tippecanoe,4,3,1,3,1
178,PA,Dauphin,4,2,2,2,2
179,PA,Elk,4,3,1,3,1
180,IN,Vanderburgh,4,3,1,3,1
181,IL,Winnebago,4,2,2,2,2
182,IL,Will,4,2,2,2,2
183,IL,Vermilion,4,3,1,3,1
184,PA,Monroe,4,2,2,2,2
185,IL,Stephenson,4,3,1,3,1
186,IL,Schuyler,4,3,1,3,1
187,IL,Sangamon,4,3,1,3,1
188,KS,Crawford,4,3,1,3,1
189,ID,Latah,4,2,2,2,2
190,OH,Lake,4,3,1,3,1
191,SD,Lake,4,3,1,3,1
192,SD,Miner,4,3,1,3,1
193,IA,Delaware,4,3,1,3,1
194,IA,Crawford,4,3,1,3,1
195,NY,Dutchess,4,2,2,2,2
196,NY,Chemung,4,3,1,3,1
197,IA,Cedar,4,2,2,2,2
198,NY,Chautauqua,4,3,1,3,1
199,IA,Carroll,4,3,1,3,1
200,NV,Washoe,4,2,2,2,2
201,VA,Henrico,4,2,2,2,2
202,IA,Adams,4,3,1,3,1
203,TX,Bexar,4,2,2,2,2
204,TX,Brewster,4,3,1,3,1
205,NV,Carson City,4,3,1,3,1
206,NM,Sandoval,4,2,2,2,2
207,NM,Luna,4,3,1,3,1
208,NM,Los Alamos,4,2,2,2,2
209,NM,Colfax,4,2,2,2,2
210,GA,Sumter,4,2,2,2,2
211,NJ,Somerset,4,2,2,2,2
212,NJ,Salem,4,2,2,2,2
213,GA,Rockdale,4,2,2,2,2
214,KY,Hancock,4,3,1,3,1
215,IA,Emmet,4,3,1,3,1
216,IA,Fayette,4,2,2,2,2
217,IA,Palo Alto,4,3,1,3,1
218,SD,Minnehaha,4,3,1,3,1
219,SD,Moody,4,3,1,3,1
220,SD,Roberts,4,2,2,2,2
221,OH,Hamilton,4,2,2,2,2
222,IA,Woodbury,4,3,1,3,1
223,IA,Winneshiek,4,2,2,2,2
224,SD,Ziebach,4,2,2,2,2
225,IA,Warren,4,3,1,3,1
226,IA,Poweshiek,4,2,2,2,2
227,NY,Seneca,4,2,2,2,2
228,IA,Franklin,4,3,1,3,1
229,IA,Louisa,4,2,2,2,2
230,IA,Kossuth,4,3,1,3,1
231,IA,Jefferson,4,2,2,2,2
232,IA,Jasper,4,2,2,2,2
233,IA,Iowa,4,3,1,3,1
234,KY,Fayette,4,2,2,2,2
235,NY,Ontario,4,3,1,3,1
236,IA,Hardin,4,3,1,3,1
237,IA,Hamilton,4,3,1,3,1
238,VA,Harrisonburg,4,2,2,2,2
239,IN,Madison,4,3,1,3,1
240,MT,Lewis and Clark,4,3,1,3,1
241,AK,District 26,4,3,1,3,1
242,WI,Jefferson,4,3,1,3,1
243,WI,Barron,4,3,1,3,1
244,MN,Polk,4,3,1,3,1
245,WI,Washburn,4,3,1,3,1
246,WI,Brown,4,3,1,3,1
247,MS,Warren,4,3,1,3,1
248,VA,Radford,4,2,2,2,2
249,MN,Pennington,4,3,1,3,1
250,WI,Burnett,4,3,1,3,1
251,VA,Prince William,4,2,2,2,2
252,MS,Pike,4,2,2,2,2
253,CA,Butte,4,3,1,3,1
254,NC,Buncombe,4,2,2,2,2
255,MN,Washington,4,2,2,2,2
256,MN,Olmsted,4,2,2,2,2
257,AK,District 25,4,3,1,3,1
258,WI,Calumet,4,3,1,3,1
259,AK,District 23,4,3,1,3,1
260,MS,Yazoo,4,2,2,2,2
261,MN,Norman,4,2,2,2,2
262,AK,District 22,4,3,1,3,1
263,MN,Nicollet,4,2,2,2,2
264,WI,Chippewa,4,3,1,3,1
265,CA,Fresno,4,2,2,2,2
266,MN,Pope,4,3,1,3,1
267,WA,Island,4,2,2,2,2
268,MN,Red Lake,4,3,1,3,1
269,AK,District 31,4,3,1,3,1
270,MO,Iron,4,3,1,3,1
271,MN,Watonwan,4,3,1,3,1
272,WA,Clark,4,2,2,2,2
273,WY,Albany,4,3,1,3,1
274,MT,Rosebud,4,3,1,3,1
275,AK,District 39,4,2,2,2,2
276,AK,District 38,4,2,2,2,2
277,MN,Stevens,4,3,1,3,1
278,AK,District 36,4,3,1,3,1
279,AL,Jefferson,4,2,2,2,2
280,VA,Winchester,4,2,2,2,2
281,MN,Yellow Medicine,4,3,1,3,1
282,WI,Wood,4,3,1,3,1
283,WI,Waushara,4,3,1,3,1
284,WA,Skagit,4,2,2,2,2
285,WA,Skamania,4,3,1,3,1
286,WA,Wahkiakum,4,3,1,3,1
287,VA,Staunton,4,2,2,2,2
288,MS,Copiah,4,2,2,2,2
289,MS,Oktibbeha,4,2,2,2,2
290,MT,Lake,4,3,1,3,1
291,WI,Waupaca,4,3,1,3,1
292,AK,District 32,4,3,1,3,1
293,MN,Murray,4,3,1,3,1
294,NC,Bladen,4,2,2,2,2
295,WI,Clark,4,3,1,3,1
296,CA,Riverside,4,2,2,2,2
297,WI,Outagamie,4,3,1,3,1
298,WI,Oneida,4,3,1,3,1
299,AK,District 15,4,3,1,3,1
300,WI,Oconto,4,3,1,3,1
301,VA,Loudoun,4,2,2,2,2
302,WV,Jefferson,4,3,1,3,1
303,WV,Monongalia,4,3,1,3,1
304,MN,Koochiching,4,2,2,2,2
305,WI,Marinette,4,3,1,3,1
306,VA,King and Queen,4,3,1,3,1
307,MN,Kittson,4,2,2,2,2
308,MT,Cascade,4,3,1,3,1
309,WI,Marathon,4,3,1,3,1
310,CA,San Bernardino,4,2,2,2,2
311,WI,Manitowoc,4,3,1,3,1
312,CA,San Diego,4,2,2,2,2
313,WI,Langlade,4,3,1,3,1
314,CA,San Joaquin,4,2,2,2,2
315,CA,San Luis Obispo,4,2,2,2,2
316,MS,Panola,4,2,2,2,2
317,WI,Kewaunee,4,3,1,3,1
318,VA,Hopewell,4,2,2,2,2
319,CA,Merced,4,2,2,2,2
320,WI,Monroe,4,3,1,3,1
321,AK,District 8,4,3,1,3,1
322,WI,Rusk,4,3,1,3,1
323,VA,Nelson,4,2,2,2,2
324,MN,Marshall,4,3,1,3,1
325,WI,Price,4,2,2,2,2
326,MN,Mahnomen,4,2,2,2,2
327,NC,Caswell,4,3,1,3,1
328,WI,Columbia,4,2,2,2,2
329,WA,Klickitat,4,3,1,3,1
330,WI,Shawano,4,3,1,3,1
331,VA,Manassas,4,2,2,2,2
332,VA,Manassas Park,4,2,2,2,2
333,OH,Geauga,3,3,0,3,0
334,OH,Gallia,3,3,0,3,0
335,OH,Logan,3,3,0,3,0
336,OH,Fulton,3,3,0,3,0
337,OH,Fayette,3,3,0,3,0
338,OH,Muskingum,3,3,0,3,0
339,OH,Fairfield,3,3,0,3,0
340,OH,Lawrence,3,3,0,3,0
341,OH,Licking,3,3,0,3,0
342,MS,Smith,3,3,0,3,0
343,OH,Noble,3,3,0,3,0
344,OH,Guernsey,3,3,0,3,0
345,OH,Defiance,3,3,0,3,0
346,MS,Perry,3,3,0,3,0
347,OH,Delaware,3,3,0,3,0
348,MS,Stone,3,3,0,3,0
349,OH,Erie,3,1,2,1,2
350,OH,Greene,3,3,0,3,0
351,OH,Hocking,3,3,0,3,0
352,MS,Simpson,3,3,0,3,0
353,OH,Madison,3,3,0,3,0
354,OH,Highland,3,3,0,3,0
355,OH,Mercer,3,3,0,3,0
356,OH,Holmes,3,3,0,3,0
357,OH,Miami,3,3,0,3,0
358,OH,Henry,3,3,0,3,0
359,MS,Pontotoc,3,3,0,3,0
360,OH,Medina,3,3,0,3,0
361,MS,Prentiss,3,3,0,3,0
362,OH,Montgomery,3,1,2,1,2
363,OH,Huron,3,3,0,3,0
364,OH,Morgan,3,3,0,3,0
365,OH,Jackson,3,3,0,3,0
366,MS,Rankin,3,3,0,3,0
367,MS,Pearl River,3,3,0,3,0
368,OH,Harrison,3,3,0,3,0
369,OH,Hardin,3,3,0,3,0
370,OH,Marion,3,3,0,3,0
371,OH,Knox,3,3,0,3,0
372,OH,Morrow,3,3,0,3,0
373,OH,Meigs,3,3,0,3,0
374,MS,Scott,3,3,0,3,0
375,OH,Hancock,3,3,0,3,0
376,NC,Davie,3,3,0,3,0
377,MS,Tate,3,3,0,3,0
378,MS,Walthall,3,3,0,3,0
379,NY,Rensselaer,3,1,2,1,2
380,NY,Putnam,3,3,0,3,0
381,MS,Wayne,3,3,0,3,0
382,MS,Webster,3,3,0,3,0
383,MS,Winston,3,3,0,3,0
384,MT,Beaverhead,3,3,0,3,0
385,NY,Orleans,3,3,0,3,0
386,MT,Broadwater,3,3,0,3,0
387,NY,Oneida,3,3,0,3,0
388,NY,Niagara,3,1,2,1,2
389,MT,Carbon,3,3,0,3,0
390,NY,Montgomery,3,2,1,2,1
391,MT,Carter,3,3,0,3,0
392,NY,Livingston,3,3,0,3,0
393,NY,Lewis,3,3,0,3,0
394,NY,Jefferson,3,3,0,3,0
395,NY,Herkimer,3,3,0,3,0
396,NY,Hamilton,3,3,0,3,0
397,NY,Greene,3,3,0,3,0
398,NY,Genesee,3,3,0,3,0
399,NY,Fulton,3,3,0,3,0
400,NY,Franklin,3,1,2,1,2
401,NY,Delaware,3,3,0,3,0
402,NY,Chenango,3,3,0,3,0
403,MT,Chouteau,3,3,0,3,0
404,NY,Richmond,3,2,1,2,1
405,NY,Schoharie,3,3,0,3,0
406,OH,Darke,3,3,0,3,0
407,NY,Schuyler,3,3,0,3,0
408,OH,Crawford,3,3,0,3,0
409,MS,Tippah,3,3,0,3,0
410,OH,Coshocton,3,3,0,3,0
411,OH,Columbiana,3,3,0,3,0
412,OH,Clinton,3,3,0,3,0
413,OH,Clermont,3,3,0,3,0
414,OH,Champaign,3,3,0,3,0
415,OH,Carroll,3,3,0,3,0
416,OH,Butler,3,3,0,3,0
417,OH,Brown,3,3,0,3,0
418,OH,Auglaize,3,3,0,3,0
419,OH,Ashtabula,3,1,2,1,2
420,OH,Ashland,3,3,0,3,0
421,OH,Allen,3,3,0,3,0
422,MS,Tishomingo,3,3,0,3,0
423,OH,Adams,3,3,0,3,0
424,NY,Yates,3,3,0,3,0
425,NY,Wyoming,3,3,0,3,0
426,NY,Wayne,3,3,0,3,0
427,NY,Tioga,3,3,0,3,0
428,NY,Sullivan,3,1,2,1,2
429,NY,Suffolk,3,1,2,1,2
430,NY,Steuben,3,3,0,3,0
431,NY,St. Lawrence,3,1,2,1,2
432,MS,Union,3,3,0,3,0
433,OH,Paulding,3,3,0,3,0
434,OH,Van Wert,3,3,0,3,0
435,OH,Perry,3,3,0,3,0
436,OK,Noble,3,3,0,3,0
437,OK,Mayes,3,3,0,3,0
438,OK,McClain,3,3,0,3,0
439,OK,McCurtain,3,3,0,3,0
440,MS,Carroll,3,3,0,3,0
441,OK,Murray,3,3,0,3,0
442,MS,Calhoun,3,3,0,3,0
443,OK,Nowata,3,3,0,3,0
444,OK,Pontotoc,3,3,0,3,0
445,OK,Okfuskee,3,3,0,3,0
446,OK,Oklahoma,3,3,0,3,0
447,OK,Osage,3,3,0,3,0
448,MS,Attala,3,3,0,3,0
449,OK,Pawnee,3,3,0,3,0
450,OK,Payne,3,3,0,3,0
451,OK,Marshall,3,3,0,3,0
452,MS,Choctaw,3,3,0,3,0
453,OK,Major,3,3,0,3,0
454,MS,Clarke,3,3,0,3,0
455,OK,Love,3,3,0,3,0
456,OK,Logan,3,3,0,3,0
457,OK,Lincoln,3,3,0,3,0
458,OK,Le Flore,3,3,0,3,0
459,OK,Kiowa,3,3,0,3,0
460,MS,Covington,3,3,0,3,0
461,OK,Kingfisher,3,3,0,3,0
462,OK,Kay,3,3,0,3,0
463,OK,Johnston,3,3,0,3,0
464,OK,Jefferson,3,3,0,3,0
465,OK,Jackson,3,3,0,3,0
466,OK,Harper,3,3,0,3,0
467,OK,Harmon,3,3,0,3,0
468,OK,Pittsburg,3,3,0,3,0
469,OK,Pottawatomie,3,3,0,3,0
470,OH,Pickaway,3,3,0,3,0
471,MO,Texas,3,3,0,3,0
472,MO,Warren,3,3,0,3,0
473,OK,Washita,3,3,0,3,0
474,OK,Woods,3,3,0,3,0
475,OK,Woodward,3,3,0,3,0
476,MO,Vernon,3,3,0,3,0
477,OR,Baker,3,3,0,3,0
478,OR,Columbia,3,1,2,1,2
479,MS,Amite,3,3,0,3,0
480,OR,Coos,3,3,0,3,0
481,OR,Crook,3,3,0,3,0
482,OR,Curry,3,3,0,3,0
483,MO,Taney,3,3,0,3,0
484,OR,Deschutes,3,3,0,3,0
485,OR,Douglas,3,3,0,3,0
486,OK,Washington,3,3,0,3,0
487,OK,Wagoner,3,3,0,3,0
488,MO,Washington,3,2,1,2,1
489,MO,Wayne,3,3,0,3,0
490,OK,Tulsa,3,3,0,3,0
491,OK,Tillman,3,3,0,3,0
492,OK,Texas,3,3,0,3,0
493,OK,Stephens,3,3,0,3,0
494,MO,Webster,3,3,0,3,0
495,OK,Sequoyah,3,3,0,3,0
496,OK,Seminole,3,3,0,3,0
497,OK,Rogers,3,3,0,3,0
498,OK,Roger Mills,3,3,0,3,0
499,MO,Worth,3,3,0,3,0
500,MO,Wright,3,3,0,3,0
501,OK,Pushmataha,3,3,0,3,0
502,MS,Alcorn,3,3,0,3,0
503,OK,Greer,3,3,0,3,0
504,OK,Grant,3,3,0,3,0
505,OK,Grady,3,3,0,3,0
506,OH,Union,3,3,0,3,0
507,OH,Shelby,3,3,0,3,0
508,MS,Leake,3,3,0,3,0
509,MS,Lawrence,3,3,0,3,0
510,OH,Trumbull,3,1,2,1,2
511,MS,Lauderdale,3,3,0,3,0
512,MS,Lamar,3,3,0,3,0
513,OH,Vinton,3,3,0,3,0
514,OK,Garvin,3,3,0,3,0
515,OH,Warren,3,3,0,3,0
516,OH,Washington,3,3,0,3,0
517,OH,Wayne,3,3,0,3,0
518,OH,Williams,3,3,0,3,0
519,MS,Lafayette,3,3,0,3,0
520,MS,Jones,3,3,0,3,0
521,OH,Seneca,3,3,0,3,0
522,MS,Lee,3,3,0,3,0
523,MS,Lincoln,3,3,0,3,0
524,MS,Lowndes,3,3,0,3,0
525,OH,Scioto,3,3,0,3,0
526,MS,Madison,3,3,0,3,0
527,OH,Ross,3,3,0,3,0
528,OH,Richland,3,3,0,3,0
529,MS,Marion,3,3,0,3,0
530,MS,Monroe,3,3,0,3,0
531,OH,Putnam,3,3,0,3,0
532,AK,District 10,3,3,0,3,0
533,OH,Preble,3,3,0,3,0
534,MS,Neshoba,3,3,0,3,0
535,OH,Portage,3,1,2,1,2
536,OH,Pike,3,3,0,3,0
537,MS,Newton,3,3,0,3,0
538,OH,Wyandot,3,3,0,3,0
539,OK,Adair,3,3,0,3,0
540,OK,Alfalfa,3,3,0,3,0
541,MS,George,3,3,0,3,0
542,MS,DeSoto,3,3,0,3,0
543,OK,Garfield,3,3,0,3,0
544,OK,Ellis,3,3,0,3,0
545,OK,Dewey,3,3,0,3,0
546,OK,Delaware,3,3,0,3,0
547,OK,Custer,3,3,0,3,0
548,OK,Creek,3,3,0,3,0
549,MS,Forrest,3,3,0,3,0
550,OK,Craig,3,3,0,3,0
551,OK,Cotton,3,3,0,3,0
552,OK,Comanche,3,3,0,3,0
553,MS,Franklin,3,3,0,3,0
554,OK,Coal,3,3,0,3,0
555,OK,Cleveland,3,3,0,3,0
556,OK,Cimarron,3,3,0,3,0
557,OK,Atoka,3,3,0,3,0
558,MS,Greene,3,3,0,3,0
559,MS,Grenada,3,3,0,3,0
560,OK,Carter,3,3,0,3,0
561,MS,Hancock,3,3,0,3,0
562,MS,Harrison,3,3,0,3,0
563,MS,Itawamba,3,3,0,3,0
564,OK,Canadian,3,3,0,3,0
565,MS,Jackson,3,3,0,3,0
566,OK,Caddo,3,3,0,3,0
567,OK,Bryan,3,3,0,3,0
568,OK,Blaine,3,3,0,3,0
569,OK,Beckham,3,3,0,3,0
570,OK,Beaver,3,3,0,3,0
571,MS,Jasper,3,1,2,1,2
572,MT,Custer,3,3,0,3,0
573,MT,Granite,3,3,0,3,0
574,NY,Cayuga,3,1,2,1,2
575,ND,Grant,3,3,0,3,0
576,MT,Sheridan,3,3,0,3,0
577,MT,Sanders,3,3,0,3,0
578,ND,Emmons,3,3,0,3,0
579,ND,Foster,3,3,0,3,0
580,ND,Golden Valley,3,3,0,3,0
581,MT,Roosevelt,3,1,2,1,2
582,ND,Griggs,3,3,0,3,0
583,ND,Dunn,3,3,0,3,0
584,ND,Hettinger,3,3,0,3,0
585,ND,Kidder,3,3,0,3,0
586,ND,LaMoure,3,3,0,3,0
587,ND,Logan,3,3,0,3,0
588,ND,McHenry,3,3,0,3,0
589,ND,McIntosh,3,3,0,3,0
590,MT,Stillwater,3,3,0,3,0
591,ND,Divide,3,3,0,3,0
592,NY,Cattaraugus,3,3,0,3,0
593,ND,Bowman,3,3,0,3,0
594,MT,Yellowstone,3,3,0,3,0
595,MT,Wibaux,3,3,0,3,0
596,MT,Wheatland,3,3,0,3,0
597,ND,Billings,3,3,0,3,0
598,ND,Bottineau,3,3,0,3,0
599,MT,Valley,3,3,0,3,0
600,ND,Burke,3,3,0,3,0
601,ND,Dickey,3,3,0,3,0
602,MT,Treasure,3,3,0,3,0
603,ND,Burleigh,3,3,0,3,0
604,MT,Toole,3,3,0,3,0
605,MT,Teton,3,3,0,3,0
606,ND,Cavalier,3,3,0,3,0
607,MT,Sweet Grass,3,3,0,3,0
608,ND,McKenzie,3,3,0,3,0
609,ND,McLean,3,3,0,3,0
610,ND,Mercer,3,3,0,3,0
611,NE,Arthur,3,3,0,3,0
612,ND,Walsh,3,3,0,3,0
613,ND,Ward,3,3,0,3,0
614,ND,Wells,3,3,0,3,0
615,ND,Williams,3,3,0,3,0
616,NE,Adams,3,3,0,3,0
617,NE,Antelope,3,3,0,3,0
618,NE,Banner,3,3,0,3,0
619,ND,Morton,3,3,0,3,0
620,NE,Blaine,3,3,0,3,0
621,NE,Boone,3,3,0,3,0
622,NE,Box Butte,3,3,0,3,0
623,NE,Boyd,3,3,0,3,0
624,NE,Brown,3,3,0,3,0
625,NE,Buffalo,3,3,0,3,0
626,MT,Phillips,3,3,0,3,0
627,MT,Pondera,3,3,0,3,0
628,MT,Powder River,3,3,0,3,0
629,ND,Stutsman,3,3,0,3,0
630,MT,Powell,3,3,0,3,0
631,ND,Stark,3,3,0,3,0
632,ND,Slope,3,3,0,3,0
633,ND,Sheridan,3,3,0,3,0
634,ND,Richland,3,3,0,3,0
635,ND,Renville,3,3,0,3,0
636,MT,Prairie,3,3,0,3,0
637,ND,Ramsey,3,3,0,3,0
638,ND,Pierce,3,3,0,3,0
639,ND,Pembina,3,3,0,3,0
640,ND,Oliver,3,3,0,3,0
641,MT,Ravalli,3,3,0,3,0
642,MT,Richland,3,3,0,3,0
643,ND,Barnes,3,3,0,3,0
644,ND,Adams,3,3,0,3,0
645,NC,Yancey,3,3,0,3,0
646,NC,Lincoln,3,3,0,3,0
647,NC,Catawba,3,3,0,3,0
648,NC,Iredell,3,3,0,3,0
649,NC,Johnston,3,3,0,3,0
650,NC,Jones,3,3,0,3,0
651,NC,Lee,3,3,0,3,0
652,NC,Lenoir,3,3,0,3,0
653,NC,Macon,3,3,0,3,0
654,NC,Burke,3,3,0,3,0
655,NC,Carteret,3,3,0,3,0
656,NC,Madison,3,3,0,3,0
657,NC,Camden,3,3,0,3,0
658,NC,Caldwell,3,3,0,3,0
659,NC,McDowell,3,3,0,3,0
660,NC,Mecklenburg,3,1,2,1,2
661,NC,Cherokee,3,3,0,3,0
662,NC,Clay,3,3,0,3,0
663,NC,Cleveland,3,3,0,3,0
664,NC,Henderson,3,3,0,3,0
665,NC,Craven,3,3,0,3,0
666,NC,Haywood,3,3,0,3,0
667,NC,Harnett,3,3,0,3,0
668,NC,Guilford,3,1,2,1,2
669,NC,Greene,3,3,0,3,0
670,NC,Cumberland,3,1,2,1,2
671,NC,Graham,3,3,0,3,0
672,NC,Gates,3,1,2,1,2
673,NC,Gaston,3,3,0,3,0
674,NC,Franklin,3,3,0,3,0
675,NC,Currituck,3,3,0,3,0
676,NC,Dare,3,3,0,3,0
677,NC,Duplin,3,3,0,3,0
678,NC,Cabarrus,3,3,0,3,0
679,NC,Mitchell,3,3,0,3,0
680,NC,Yadkin,3,3,0,3,0
681,NC,Transylvania,3,3,0,3,0
682,NC,Avery,3,3,0,3,0
683,NC,Stanly,3,3,0,3,0
684,NC,Stokes,3,3,0,3,0
685,NC,Surry,3,3,0,3,0
686,NC,Ashe,3,3,0,3,0
687,NC,Swain,3,3,0,3,0
688,NC,Union,3,3,0,3,0
689,NC,Montgomery,3,3,0,3,0
690,NC,Alleghany,3,3,0,3,0
691,NC,Alexander,3,3,0,3,0
692,NC,Watauga,3,2,1,2,1
693,NC,Alamance,3,3,0,3,0
694,NC,Wayne,3,3,0,3,0
695,NC,Wilkes,3,3,0,3,0
696,NC,Sampson,3,3,0,3,0
697,NC,Beaufort,3,3,0,3,0
698,NC,Rutherford,3,3,0,3,0
699,NC,Rowan,3,3,0,3,0
700,NC,Rockingham,3,3,0,3,0
701,NC,Robeson,3,1,2,1,2
702,NC,Richmond,3,1,2,1,2
703,NC,Randolph,3,3,0,3,0
704,NC,Polk,3,3,0,3,0
705,NC,Person,3,3,0,3,0
706,NC,Perquimans,3,3,0,3,0
707,NC,Pender,3,3,0,3,0
708,NC,Pamlico,3,3,0,3,0
709,NC,Onslow,3,3,0,3,0
710,NC,Brunswick,3,3,0,3,0
711,NC,New Hanover,3,3,0,3,0
712,NC,Moore,3,3,0,3,0
713,NE,Burt,3,3,0,3,0
714,NE,Butler,3,3,0,3,0
715,NE,Cass,3,3,0,3,0
716,MT,Jefferson,3,3,0,3,0
717,NJ,Cape May,3,3,0,3,0
718,NJ,Gloucester,3,1,2,1,2
719,NJ,Hunterdon,3,3,0,3,0
720,MT,Judith Basin,3,3,0,3,0
721,NJ,Morris,3,3,0,3,0
722,NJ,Ocean,3,3,0,3,0
723,NJ,Sussex,3,3,0,3,0
724,NM,Lea,3,3,0,3,0
725,NJ,Warren,3,3,0,3,0
726,NM,Catron,3,3,0,3,0
727,NM,Chaves,3,3,0,3,0
728,NM,Curry,3,3,0,3,0
729,NM,De Baca,3,3,0,3,0
730,NM,Eddy,3,3,0,3,0
731,MT,Liberty,3,3,0,3,0
732,MT,Lincoln,3,3,0,3,0
733,MT,Madison,3,3,0,3,0
734,NE,York,3,3,0,3,0
735,NE,Wheeler,3,3,0,3,0
736,NE,Webster,3,3,0,3,0
737,MT,McCone,3,3,0,3,0
738,NE,Wayne,3,3,0,3,0
739,NE,Washington,3,3,0,3,0
740,NE,Valley,3,3,0,3,0
741,MT,Meagher,3,3,0,3,0
742,NE,Thomas,3,3,0,3,0
743,NE,Thayer,3,3,0,3,0
744,NE,Stanton,3,3,0,3,0
745,NE,Sioux,3,3,0,3,0
746,NE,Sherman,3,3,0,3,0
747,NE,Sheridan,3,3,0,3,0
748,NM,Harding,3,3,0,3,0
749,NM,Lincoln,3,3,0,3,0
750,NE,Scotts Bluff,3,3,0,3,0
751,NV,Pershing,3,3,0,3,0
752,NV,Lincoln,3,3,0,3,0
753,NV,Lyon,3,3,0,3,0
754,NV,Mineral,3,3,0,3,0
755,NV,Nye,3,3,0,3,0
756,MT,Flathead,3,3,0,3,0
757,MT,Fergus,3,3,0,3,0
758,MT,Fallon,3,3,0,3,0
759,NM,Otero,3,3,0,3,0
760,NV,Storey,3,3,0,3,0
761,MT,Dawson,3,3,0,3,0
762,NV,White Pine,3,3,0,3,0
763,MT,Daniels,3,3,0,3,0
764,NY,Allegany,3,3,0,3,0
765,NY,Broome,3,1,2,1,2
766,NV,Lander,3,3,0,3,0
767,MT,Gallatin,3,2,1,2,1
768,NV,Humboldt,3,3,0,3,0
769,NV,Eureka,3,3,0,3,0
770,NV,Esmeralda,3,3,0,3,0
771,NV,Elko,3,3,0,3,0
772,NV,Douglas,3,3,0,3,0
773,NV,Churchill,3,3,0,3,0
774,MT,Garfield,3,3,0,3,0
775,MT,Golden Valley,3,3,0,3,0
776,NC,Davidson,3,3,0,3,0
777,NM,Union,3,3,0,3,0
778,NM,Torrance,3,3,0,3,0
779,NM,Sierra,3,3,0,3,0
780,NM,San Juan,3,3,0,3,0
781,NM,Roosevelt,3,3,0,3,0
782,NM,Quay,3,3,0,3,0
783,NE,Seward,3,3,0,3,0
784,NE,Saunders,3,3,0,3,0
785,NE,Cedar,3,3,0,3,0
786,NE,Garfield,3,3,0,3,0
787,NE,Franklin,3,3,0,3,0
788,NE,Frontier,3,3,0,3,0
789,NE,Furnas,3,3,0,3,0
790,NE,Gage,3,3,0,3,0
791,NE,Garden,3,3,0,3,0
792,MT,Park,3,3,0,3,0
793,NE,Gosper,3,3,0,3,0
794,NE,Holt,3,3,0,3,0
795,NE,Grant,3,3,0,3,0
796,NE,Greeley,3,3,0,3,0
797,NE,Hall,3,3,0,3,0
798,NE,Hamilton,3,3,0,3,0
799,NE,Harlan,3,3,0,3,0
800,NE,Hayes,3,3,0,3,0
801,NE,Fillmore,3,3,0,3,0
802,NE,Dundy,3,3,0,3,0
803,MT,Petroleum,3,3,0,3,0
804,NE,Douglas,3,2,1,2,1
805,NE,Dodge,3,3,0,3,0
806,NE,Dixon,3,3,0,3,0
807,NE,Deuel,3,3,0,3,0
808,NE,Dawson,3,3,0,3,0
809,NE,Dawes,3,3,0,3,0
810,NE,Dakota,3,3,0,3,0
811,NE,Custer,3,3,0,3,0
812,NE,Cuming,3,3,0,3,0
813,OR,Gilliam,3,3,0,3,0
814,NE,Clay,3,3,0,3,0
815,NE,Cheyenne,3,3,0,3,0
816,NE,Cherry,3,3,0,3,0
817,NE,Chase,3,3,0,3,0
818,NE,Hitchcock,3,3,0,3,0
819,NE,Hooker,3,3,0,3,0
820,NE,Sarpy,3,3,0,3,0
821,NE,Pierce,3,3,0,3,0
822,NE,Nemaha,3,3,0,3,0
823,NE,Nuckolls,3,3,0,3,0
824,NE,Otoe,3,3,0,3,0
825,NE,Pawnee,3,3,0,3,0
826,NE,Perkins,3,3,0,3,0
827,NE,Phelps,3,3,0,3,0
828,MT,Missoula,3,1,2,1,2
829,NE,Howard,3,3,0,3,0
830,NE,Platte,3,3,0,3,0
831,NE,Polk,3,3,0,3,0
832,NE,Red Willow,3,3,0,3,0
833,NE,Richardson,3,3,0,3,0
834,NE,Rock,3,3,0,3,0
835,MT,Mineral,3,3,0,3,0
836,NE,Nance,3,3,0,3,0
837,NE,Morrill,3,3,0,3,0
838,NE,Merrick,3,3,0,3,0
839,NE,McPherson,3,3,0,3,0
840,MT,Musselshell,3,3,0,3,0
841,NE,Madison,3,3,0,3,0
842,NE,Loup,3,3,0,3,0
843,NE,Logan,3,3,0,3,0
844,NE,Lincoln,3,3,0,3,0
845,NE,Lancaster,3,2,1,2,1
846,NE,Knox,3,3,0,3,0
847,NE,Kimball,3,3,0,3,0
848,NE,Keya Paha,3,3,0,3,0
849,NE,Keith,3,3,0,3,0
850,NE,Kearney,3,3,0,3,0
851,NE,Johnson,3,3,0,3,0
852,NE,Jefferson,3,3,0,3,0
853,NE,Colfax,3,3,0,3,0
854,AK,District 1,3,3,0,3,0
855,OR,Grant,3,3,0,3,0
856,UT,Carbon,3,3,0,3,0
857,UT,Davis,3,3,0,3,0
858,UT,Duchesne,3,3,0,3,0
859,UT,Emery,3,3,0,3,0
860,UT,Garfield,3,3,0,3,0
861,UT,Iron,3,3,0,3,0
862,UT,Juab,3,3,0,3,0
863,UT,Kane,3,3,0,3,0
864,UT,Millard,3,3,0,3,0
865,UT,Morgan,3,3,0,3,0
866,UT,Piute,3,3,0,3,0
867,UT,Rich,3,3,0,3,0
868,UT,Salt Lake,3,2,1,2,1
869,UT,San Juan,3,3,0,3,0
870,UT,Sanpete,3,3,0,3,0
871,UT,Sevier,3,3,0,3,0
872,UT,Summit,3,2,1,2,1
873,UT,Tooele,3,3,0,3,0
874,UT,Daggett,3,3,0,3,0
875,UT,Cache,3,3,0,3,0
876,TX,Uvalde,3,3,0,3,0
877,UT,Box Elder,3,3,0,3,0
878,TX,Victoria,3,3,0,3,0
879,TX,Walker,3,3,0,3,0
880,TX,Waller,3,3,0,3,0
881,TX,Ward,3,3,0,3,0
882,TX,Washington,3,3,0,3,0
883,TX,Wharton,3,3,0,3,0
884,TX,Wheeler,3,3,0,3,0
885,TX,Wichita,3,3,0,3,0
886,TX,Wilbarger,3,3,0,3,0
887,TX,Williamson,3,3,0,3,0
888,TX,Wilson,3,3,0,3,0
889,TX,Winkler,3,3,0,3,0
890,TX,Wise,3,3,0,3,0
891,TX,Wood,3,3,0,3,0
892,TX,Yoakum,3,3,0,3,0
893,TX,Young,3,3,0,3,0
894,UT,Beaver,3,3,0,3,0
895,UT,Uintah,3,3,0,3,0
896,UT,Utah,3,3,0,3,0
897,UT,Wasatch,3,3,0,3,0
898,UT,Washington,3,3,0,3,0
899,VA,Covington,3,1,2,1,2
900,VA,Craig,3,3,0,3,0
901,VA,Culpeper,3,3,0,3,0
902,VA,Cumberland,3,3,0,3,0
903,VA,Danville,3,1,2,1,2
904,VA,Dinwiddie,3,3,0,3,0
905,VA,Fairfax,3,1,2,1,2
906,VA,Fairfax Town,3,1,2,1,2
907,VA,Fauquier,3,3,0,3,0
908,VA,Floyd,3,3,0,3,0
909,VA,Fluvanna,3,3,0,3,0
910,VA,Frederick,3,3,0,3,0
911,VA,Galax,3,3,0,3,0
912,VA,Giles,3,3,0,3,0
913,VA,Gloucester,3,3,0,3,0
914,VA,Goochland,3,3,0,3,0
915,VA,Grayson,3,3,0,3,0
916,VA,Colonial Heights,3,3,0,3,0
917,VA,Clarke,3,3,0,3,0
918,VA,Chesterfield,3,3,0,3,0
919,VA,Appomattox,3,3,0,3,0
920,UT,Wayne,3,3,0,3,0
921,UT,Weber,3,3,0,3,0
922,VA,Accomack,3,3,0,3,0
923,VA,Albemarle,3,1,2,1,2
924,VA,Alleghany,3,3,0,3,0
925,VA,Amelia,3,3,0,3,0
926,VA,Amherst,3,3,0,3,0
927,VA,Augusta,3,3,0,3,0
928,VA,Charlotte,3,3,0,3,0
929,VA,Bath,3,3,0,3,0
930,VA,Bland,3,3,0,3,0
931,VA,Botetourt,3,3,0,3,0
932,VA,Bristol,3,3,0,3,0
933,VA,Buena Vista,3,3,0,3,0
934,VA,Campbell,3,3,0,3,0
935,VA,Carroll,3,3,0,3,0
936,TX,Van Zandt,3,3,0,3,0
937,TX,Upton,3,3,0,3,0
938,TX,Lavaca,3,3,0,3,0
939,TX,Midland,3,3,0,3,0
940,TX,Mills,3,3,0,3,0
941,TX,Mitchell,3,3,0,3,0
942,TX,Montague,3,3,0,3,0
943,TX,Montgomery,3,3,0,3,0
944,TX,Moore,3,3,0,3,0
945,TX,Motley,3,3,0,3,0
946,TX,Nacogdoches,3,3,0,3,0
947,TX,Navarro,3,3,0,3,0
948,TX,Nolan,3,3,0,3,0
949,TX,Nueces,3,3,0,3,0
950,TX,Ochiltree,3,3,0,3,0
951,TX,Oldham,3,3,0,3,0
952,TX,Orange,3,3,0,3,0
953,TX,Palo Pinto,3,3,0,3,0
954,TX,Panola,3,3,0,3,0
955,TX,Parker,3,3,0,3,0
956,TX,Parmer,3,3,0,3,0
957,TX,Milam,3,3,0,3,0
958,TX,Menard,3,3,0,3,0
959,TX,Upshur,3,3,0,3,0
960,TX,Medina,3,3,0,3,0
961,TX,Leon,3,3,0,3,0
962,TX,Liberty,3,3,0,3,0
963,TX,Limestone,3,3,0,3,0
964,TX,Lipscomb,3,3,0,3,0
965,TX,Live Oak,3,3,0,3,0
966,TX,Llano,3,3,0,3,0
967,TX,Loving,3,3,0,3,0
968,TX,Lubbock,3,3,0,3,0
969,TX,Lynn,3,3,0,3,0
970,TX,Madison,3,3,0,3,0
971,TX,Marion,3,3,0,3,0
972,TX,Martin,3,3,0,3,0
973,TX,Mason,3,3,0,3,0
974,TX,Matagorda,3,3,0,3,0
975,TX,McCulloch,3,3,0,3,0
976,TX,McLennan,3,3,0,3,0
977,TX,McMullen,3,3,0,3,0
978,TX,Pecos,3,3,0,3,0
979,TX,Polk,3,3,0,3,0
980,TX,Potter,3,3,0,3,0
981,TX,Rains,3,3,0,3,0
982,TX,Smith,3,3,0,3,0
983,TX,Somervell,3,3,0,3,0
984,TX,Stephens,3,3,0,3,0
985,TX,Sterling,3,3,0,3,0
986,TX,Stonewall,3,3,0,3,0
987,TX,Sutton,3,3,0,3,0
988,TX,Swisher,3,3,0,3,0
989,TX,Tarrant,3,3,0,3,0
990,TX,Taylor,3,3,0,3,0
991,TX,Terrell,3,3,0,3,0
992,TX,Terry,3,3,0,3,0
993,TX,Throckmorton,3,3,0,3,0
994,TX,Titus,3,3,0,3,0
995,TX,Tom Green,3,3,0,3,0
996,TX,Travis,3,1,2,1,2
997,TX,Trinity,3,3,0,3,0
998,TX,Tyler,3,3,0,3,0
999,TX,Sherman,3,3,0,3,0
1000,TX,Shelby,3,3,0,3,0
1001,TX,Shackelford,3,3,0,3,0
1002,TX,Rockwall,3,3,0,3,0
1003,TX,Randall,3,3,0,3,0
1004,TX,Reagan,3,3,0,3,0
1005,TX,Real,3,3,0,3,0
1006,TX,Red River,3,3,0,3,0
1007,TX,Reeves,3,1,2,1,2
1008,TX,Refugio,3,3,0,3,0
1009,TX,Roberts,3,3,0,3,0
1010,TX,Runnels,3,3,0,3,0
1011,TX,Scurry,3,3,0,3,0
1012,TX,Rusk,3,3,0,3,0
1013,TX,Sabine,3,3,0,3,0
1014,TX,San Augustine,3,3,0,3,0
1015,TX,San Jacinto,3,3,0,3,0
1016,TX,San Patricio,3,3,0,3,0
1017,TX,San Saba,3,3,0,3,0
1018,TX,Schleicher,3,3,0,3,0
1019,VA,Greene,3,3,0,3,0
1020,VA,Halifax,3,3,0,3,0
1021,VA,Hanover,3,3,0,3,0
1022,WV,Berkeley,3,3,0,3,0
1023,WV,Calhoun,3,3,0,3,0
1024,WV,Clay,3,3,0,3,0
1025,WV,Doddridge,3,3,0,3,0
1026,WV,Gilmer,3,3,0,3,0
1027,WV,Grant,3,3,0,3,0
1028,WV,Greenbrier,3,3,0,3,0
1029,WV,Hampshire,3,3,0,3,0
1030,WV,Hancock,3,3,0,3,0
1031,WV,Hardy,3,3,0,3,0
1032,WV,Jackson,3,3,0,3,0
1033,WV,Lewis,3,3,0,3,0
1034,WV,Marshall,3,3,0,3,0
1035,WV,Mason,3,3,0,3,0
1036,WV,Mercer,3,3,0,3,0
1037,WV,Mineral,3,3,0,3,0
1038,WV,Monroe,3,3,0,3,0
1039,WV,Morgan,3,3,0,3,0
1040,WV,Cabell,3,3,0,3,0
1041,WV,Barbour,3,3,0,3,0
1042,VA,Henry,3,3,0,3,0
1043,WI,Waukesha,3,3,0,3,0
1044,WI,Green Lake,3,3,0,3,0
1045,WI,Iron,3,2,1,2,1
1046,WI,Jackson,3,1,2,1,2
1047,WI,Kenosha,3,1,2,1,2
1048,WI,Lafayette,3,1,2,1,2
1049,WI,Ozaukee,3,3,0,3,0
1050,WI,Pepin,3,1,2,1,2
1051,WI,Polk,3,3,0,3,0
1052,WI,Sauk,3,1,2,1,2
1053,WI,Sheboygan,3,3,0,3,0
1054,WI,St. Croix,3,3,0,3,0
1055,WI,Taylor,3,3,0,3,0
1056,WI,Trempealeau,3,1,2,1,2
1057,WI,Vernon,3,1,2,1,2
1058,WI,Vilas,3,3,0,3,0
1059,WI,Walworth,3,3,0,3,0
1060,WI,Washington,3,3,0,3,0
1061,WV,Nicholas,3,3,0,3,0
1062,WV,Ohio,3,3,0,3,0
1063,WV,Pendleton,3,3,0,3,0
1064,WV,Pleasants,3,3,0,3,0
1065,WY,Crook,3,3,0,3,0
1066,WY,Fremont,3,3,0,3,0
1067,WY,Goshen,3,3,0,3,0
1068,WY,Hot Springs,3,3,0,3,0
1069,WY,Johnson,3,3,0,3,0
1070,WY,Laramie,3,3,0,3,0
1071,WY,Lincoln,3,3,0,3,0
1072,WY,Natrona,3,3,0,3,0
1073,WY,Niobrara,3,3,0,3,0
1074,WY,Park,3,3,0,3,0
1075,WY,Platte,3,3,0,3,0
1076,WY,Sheridan,3,3,0,3,0
1077,WY,Sublette,3,3,0,3,0
1078,WY,Sweetwater,3,3,0,3,0
1079,WY,Teton,3,1,2,1,2
1080,WY,Uinta,3,3,0,3,0
1081,WY,Washakie,3,3,0,3,0
1082,WY,Converse,3,3,0,3,0
1083,WY,Carbon,3,3,0,3,0
1084,WY,Campbell,3,3,0,3,0
1085,WV,Summers,3,3,0,3,0
1086,WV,Pocahontas,3,3,0,3,0
1087,WV,Preston,3,3,0,3,0
1088,WV,Putnam,3,3,0,3,0
1089,WV,Raleigh,3,3,0,3,0
1090,WV,Randolph,3,3,0,3,0
1091,WV,Ritchie,3,3,0,3,0
1092,WV,Roane,3,3,0,3,0
1093,WV,Taylor,3,3,0,3,0
1094,WY,Big Horn,3,3,0,3,0
1095,WV,Tucker,3,3,0,3,0
1096,WV,Tyler,3,3,0,3,0
1097,WV,Upshur,3,3,0,3,0
1098,WV,Wayne,3,3,0,3,0
1099,WV,Wetzel,3,3,0,3,0
1100,WV,Wirt,3,3,0,3,0
1101,WV,Wood,3,3,0,3,0
1102,WI,Grant,3,1,2,1,2
1103,WI,Fond du Lac,3,3,0,3,0
1104,WI,Florence,3,3,0,3,0
1105,VA,Virginia Beach,3,3,0,3,0
1106,VA,Patrick,3,3,0,3,0
1107,VA,Pittsylvania,3,3,0,3,0
1108,VA,Poquoson,3,3,0,3,0
1109,VA,Powhatan,3,3,0,3,0
1110,VA,Prince Edward,3,1,2,1,2
1111,VA,Prince George,3,3,0,3,0
1112,VA,Pulaski,3,3,0,3,0
1113,VA,Rappahannock,3,3,0,3,0
1114,VA,Rockbridge,3,3,0,3,0
1115,VA,Rockingham,3,3,0,3,0
1116,VA,Salem,3,3,0,3,0
1117,VA,Scott,3,3,0,3,0
1118,VA,Shenandoah,3,3,0,3,0
1119,VA,Smyth,3,3,0,3,0
1120,VA,Spotsylvania,3,3,0,3,0
1121,VA,Stafford,3,3,0,3,0
1122,VA,Suffolk,3,1,2,1,2
1123,VA,Page,3,3,0,3,0
1124,VA,Orange,3,3,0,3,0
1125,VA,Nottoway,3,3,0,3,0
1126,VA,Louisa,3,3,0,3,0
1127,VA,Highland,3,3,0,3,0
1128,VA,Isle of Wight,3,3,0,3,0
1129,VA,James City,3,3,0,3,0
1130,VA,King George,3,3,0,3,0
1131,VA,King William,3,3,0,3,0
1132,VA,Lancaster,3,3,0,3,0
1133,VA,Lee,3,3,0,3,0
1134,VA,Lunenburg,3,3,0,3,0
1135,VA,Northumberland,3,3,0,3,0
1136,VA,Lynchburg,3,3,0,3,0
1137,VA,Madison,3,3,0,3,0
1138,VA,Mathews,3,3,0,3,0
1139,VA,Mecklenburg,3,3,0,3,0
1140,VA,Middlesex,3,3,0,3,0
1141,VA,Montgomery,3,2,1,2,1
1142,VA,New Kent,3,3,0,3,0
1143,VA,Tazewell,3,3,0,3,0
1144,VA,Warren,3,3,0,3,0
1145,WI,Dunn,3,1,2,1,2
1146,VA,Washington,3,3,0,3,0
1147,WA,Kittitas,3,3,0,3,0
1148,WA,Lewis,3,3,0,3,0
1149,WA,Lincoln,3,3,0,3,0
1150,WA,Mason,3,1,2,1,2
1151,WA,Okanogan,3,3,0,3,0
1152,WA,Pacific,3,1,2,1,2
1153,WA,Pend Oreille,3,3,0,3,0
1154,WA,Spokane,3,3,0,3,0
1155,WA,Stevens,3,3,0,3,0
1156,WA,Walla Walla,3,3,0,3,0
1157,WA,Whatcom,3,1,2,1,2
1158,WA,Whitman,3,2,1,2,1
1159,WA,Yakima,3,3,0,3,0
1160,WI,Adams,3,1,2,1,2
1161,WI,Buffalo,3,1,2,1,2
1162,WI,Crawford,3,1,2,1,2
1163,WI,Dodge,3,3,0,3,0
1164,WA,Grays Harbor,3,1,2,1,2
1165,WA,Grant,3,3,0,3,0
1166,WA,Garfield,3,3,0,3,0
1167,VT,Orleans,3,1,2,1,2
1168,VA,Waynesboro,3,3,0,3,0
1169,VA,Williamsburg,3,1,2,1,2
1170,VA,Wise,3,3,0,3,0
1171,VA,Wythe,3,3,0,3,0
1172,VA,York,3,3,0,3,0
1173,VT,Caledonia,3,1,2,1,2
1174,VT,Orange,3,1,2,1,2
1175,WA,Adams,3,3,0,3,0
1176,WA,Franklin,3,3,0,3,0
1177,WA,Asotin,3,3,0,3,0
1178,WA,Benton,3,3,0,3,0
1179,WA,Chelan,3,3,0,3,0
1180,WA,Columbia,3,3,0,3,0
1181,WA,Cowlitz,3,1,2,1,2
1182,WA,Douglas,3,3,0,3,0
1183,WA,Ferry,3,3,0,3,0
1184,TX,Lee,3,3,0,3,0
1185,TX,Lampasas,3,3,0,3,0
1186,OR,Harney,3,3,0,3,0
1187,SD,Custer,3,3,0,3,0
1188,SD,Deuel,3,3,0,3,0
1189,SD,Douglas,3,3,0,3,0
1190,SD,Edmunds,3,3,0,3,0
1191,SD,Fall River,3,3,0,3,0
1192,SD,Faulk,3,3,0,3,0
1193,SD,Grant,3,3,0,3,0
1194,SD,Gregory,3,3,0,3,0
1195,SD,Haakon,3,3,0,3,0
1196,SD,Hamlin,3,3,0,3,0
1197,SD,Hand,3,3,0,3,0
1198,SD,Hanson,3,3,0,3,0
1199,SD,Harding,3,3,0,3,0
1200,SD,Hughes,3,3,0,3,0
1201,SD,Hutchinson,3,3,0,3,0
1202,SD,Hyde,3,3,0,3,0
1203,SD,Jackson,3,3,0,3,0
1204,SD,Jerauld,3,3,0,3,0
1205,SD,Davison,3,3,0,3,0
1206,SD,Codington,3,3,0,3,0
1207,SC,Laurens,3,3,0,3,0
1208,SD,Clark,3,3,0,3,0
1209,SC,McCormick,3,1,2,1,2
1210,SC,Newberry,3,3,0,3,0
1211,SC,Oconee,3,3,0,3,0
1212,SC,Pickens,3,3,0,3,0
1213,SC,Saluda,3,3,0,3,0
1214,SC,Spartanburg,3,3,0,3,0
1215,SC,Sumter,3,1,2,1,2
1216,SC,Union,3,3,0,3,0
1217,SC,York,3,3,0,3,0
1218,SD,Aurora,3,3,0,3,0
1219,SD,Beadle,3,3,0,3,0
1220,SD,Bennett,3,3,0,3,0
1221,SD,Bon Homme,3,3,0,3,0
1222,SD,Brule,3,3,0,3,0
1223,SD,Butte,3,3,0,3,0
1224,SD,Campbell,3,3,0,3,0
1225,SD,Charles Mix,3,3,0,3,0
1226,SD,Jones,3,3,0,3,0
1227,SD,Kingsbury,3,3,0,3,0
1228,SD,Lawrence,3,3,0,3,0
1229,SD,Lincoln,3,3,0,3,0
1230,TN,Bradley,3,3,0,3,0
1231,TN,Carroll,3,3,0,3,0
1232,TN,Carter,3,3,0,3,0
1233,TN,Cheatham,3,3,0,3,0
1234,TN,Chester,3,3,0,3,0
1235,TN,Claiborne,3,3,0,3,0
1236,TN,Cocke,3,3,0,3,0
1237,TN,Coffee,3,3,0,3,0
1238,TN,Cumberland,3,3,0,3,0
1239,TN,Dyer,3,3,0,3,0
1240,TN,Fayette,3,3,0,3,0
1241,TN,Fentress,3,3,0,3,0
1242,TN,Grainger,3,3,0,3,0
1243,TN,Greene,3,3,0,3,0
1244,TN,Hamblen,3,3,0,3,0
1245,TN,Hamilton,3,3,0,3,0
1246,TN,Hancock,3,3,0,3,0
1247,TN,Blount,3,3,0,3,0
1248,TN,Bledsoe,3,3,0,3,0
1249,TN,Anderson,3,3,0,3,0
1250,SD,Potter,3,3,0,3,0
1251,SD,Lyman,3,3,0,3,0
1252,SD,McCook,3,3,0,3,0
1253,SD,McPherson,3,3,0,3,0
1254,SD,Meade,3,3,0,3,0
1255,SD,Mellette,3,3,0,3,0
1256,SD,Pennington,3,3,0,3,0
1257,SD,Perkins,3,3,0,3,0
1258,SD,Sanborn,3,3,0,3,0
1259,SD,Yankton,3,3,0,3,0
1260,SD,Spink,3,3,0,3,0
1261,SD,Stanley,3,3,0,3,0
1262,SD,Sully,3,3,0,3,0
1263,SD,Tripp,3,3,0,3,0
1264,SD,Turner,3,3,0,3,0
1265,SD,Union,3,3,0,3,0
1266,SD,Walworth,3,3,0,3,0
1267,SC,Lexington,3,3,0,3,0
1268,SC,Lancaster,3,3,0,3,0
1269,TX,Lamb,3,3,0,3,0
1270,PA,Butler,3,3,0,3,0
1271,PA,Cameron,3,3,0,3,0
1272,PA,Carbon,3,2,1,2,1
1273,PA,Chester,3,2,1,2,1
1274,PA,Clarion,3,3,0,3,0
1275,PA,Clearfield,3,3,0,3,0
1276,PA,Clinton,3,3,0,3,0
1277,PA,Columbia,3,3,0,3,0
1278,PA,Crawford,3,3,0,3,0
1279,PA,Cumberland,3,3,0,3,0
1280,PA,Erie,3,1,2,1,2
1281,PA,Forest,3,3,0,3,0
1282,PA,Franklin,3,3,0,3,0
1283,PA,Fulton,3,3,0,3,0
1284,PA,Huntingdon,3,3,0,3,0
1285,PA,Indiana,3,3,0,3,0
1286,PA,Jefferson,3,3,0,3,0
1287,PA,Juniata,3,3,0,3,0
1288,PA,Cambria,3,2,1,2,1
1289,PA,Bradford,3,3,0,3,0
1290,SC,Kershaw,3,3,0,3,0
1291,PA,Blair,3,3,0,3,0
1292,OR,Jefferson,3,3,0,3,0
1293,OR,Josephine,3,3,0,3,0
1294,OR,Klamath,3,3,0,3,0
1295,OR,Lake,3,3,0,3,0
1296,OR,Linn,3,3,0,3,0
1297,OR,Malheur,3,3,0,3,0
1298,OR,Morrow,3,3,0,3,0
1299,OR,Polk,3,3,0,3,0
1300,OR,Sherman,3,3,0,3,0
1301,OR,Umatilla,3,3,0,3,0
1302,OR,Union,3,3,0,3,0
1303,OR,Wallowa,3,3,0,3,0
1304,OR,Wheeler,3,3,0,3,0
1305,OR,Yamhill,3,3,0,3,0
1306,PA,Adams,3,3,0,3,0
1307,PA,Armstrong,3,3,0,3,0
1308,PA,Bedford,3,3,0,3,0
1309,PA,Lancaster,3,3,0,3,0
1310,PA,Lebanon,3,3,0,3,0
1311,PA,Luzerne,3,1,2,1,2
1312,PA,Lycoming,3,3,0,3,0
1313,PA,York,3,3,0,3,0
1314,RI,Kent,3,1,2,1,2
1315,SC,Abbeville,3,3,0,3,0
1316,SC,Aiken,3,3,0,3,0
1317,SC,Anderson,3,3,0,3,0
1318,SC,Beaufort,3,3,0,3,0
1319,SC,Berkeley,3,3,0,3,0
1320,MO,Stone,3,3,0,3,0
1321,SC,Cherokee,3,3,0,3,0
1322,SC,Chesterfield,3,3,0,3,0
1323,SC,Dorchester,3,3,0,3,0
1324,SC,Edgefield,3,3,0,3,0
1325,SC,Florence,3,3,0,3,0
1326,SC,Georgetown,3,3,0,3,0
1327,SC,Greenville,3,3,0,3,0
1328,SC,Greenwood,3,3,0,3,0
1329,SC,Horry,3,3,0,3,0
1330,PA,Wyoming,3,3,0,3,0
1331,PA,Westmoreland,3,3,0,3,0
1332,PA,Wayne,3,3,0,3,0
1333,PA,Potter,3,3,0,3,0
1334,PA,McKean,3,3,0,3,0
1335,PA,Mifflin,3,3,0,3,0
1336,PA,Montour,3,3,0,3,0
1337,PA,Northampton,3,1,2,1,2
1338,PA,Northumberland,3,3,0,3,0
1339,PA,Perry,3,3,0,3,0
1340,PA,Pike,3,3,0,3,0
1341,PA,Schuylkill,3,3,0,3,0
1342,PA,Warren,3,3,0,3,0
1343,PA,Snyder,3,3,0,3,0
1344,PA,Somerset,3,3,0,3,0
1345,PA,Sullivan,3,3,0,3,0
1346,PA,Susquehanna,3,3,0,3,0
1347,PA,Tioga,3,3,0,3,0
1348,PA,Union,3,3,0,3,0
1349,PA,Venango,3,3,0,3,0
1350,TN,Hardeman,3,1,2,1,2
1351,TN,Hardin,3,3,0,3,0
1352,TN,Hawkins,3,3,0,3,0
1353,TX,Falls,3,3,0,3,0
1354,TX,Fayette,3,3,0,3,0
1355,TX,Fisher,3,3,0,3,0
1356,TX,Floyd,3,3,0,3,0
1357,TX,Foard,3,3,0,3,0
1358,TX,Franklin,3,3,0,3,0
1359,TX,Freestone,3,3,0,3,0
1360,TX,Frio,3,1,2,1,2
1361,TX,Gaines,3,3,0,3,0
1362,TX,Galveston,3,3,0,3,0
1363,TX,Garza,3,3,0,3,0
1364,TX,Gillespie,3,3,0,3,0
1365,TX,Glasscock,3,3,0,3,0
1366,TX,Goliad,3,3,0,3,0
1367,TX,Gonzales,3,3,0,3,0
1368,TX,Gray,3,3,0,3,0
1369,TX,Grayson,3,3,0,3,0
1370,TX,Gregg,3,3,0,3,0
1371,TX,Fannin,3,3,0,3,0
1372,TX,Erath,3,3,0,3,0
1373,TN,Henderson,3,3,0,3,0
1374,TX,Ellis,3,3,0,3,0
1375,TX,Coryell,3,3,0,3,0
1376,TX,Cottle,3,3,0,3,0
1377,TX,Crane,3,3,0,3,0
1378,TX,Crockett,3,3,0,3,0
1379,TX,Crosby,3,3,0,3,0
1380,TX,Culberson,3,1,2,1,2
1381,TX,Dallam,3,3,0,3,0
1382,TX,Dawson,3,3,0,3,0
1383,TX,Deaf Smith,3,3,0,3,0
1384,TX,Delta,3,3,0,3,0
1385,TX,Denton,3,3,0,3,0
1386,TX,Dewitt,3,3,0,3,0
1387,TX,Dickens,3,3,0,3,0
1388,TX,Donley,3,3,0,3,0
1389,TX,Eastland,3,3,0,3,0
1390,TX,Ector,3,3,0,3,0
1391,TX,Edwards,3,3,0,3,0
1392,TX,Grimes,3,3,0,3,0
1393,TX,Guadalupe,3,3,0,3,0
1394,TX,Hale,3,3,0,3,0
1395,TX,Hall,3,3,0,3,0
1396,TX,Jack,3,3,0,3,0
1397,TX,Jackson,3,3,0,3,0
1398,TX,Jasper,3,3,0,3,0
1399,TX,Jeff Davis,3,3,0,3,0
1400,TX,Jefferson,3,1,2,1,2
1401,TX,Johnson,3,3,0,3,0
1402,TX,Jones,3,3,0,3,0
1403,TX,Karnes,3,3,0,3,0
1404,TX,Kaufman,3,3,0,3,0
1405,TX,Kendall,3,3,0,3,0
1406,TX,Kent,3,3,0,3,0
1407,TX,Kerr,3,3,0,3,0
1408,TX,Kimble,3,3,0,3,0
1409,TX,King,3,3,0,3,0
1410,TX,Kinney,3,3,0,3,0
1411,TX,Knox,3,3,0,3,0
1412,TX,Lamar,3,3,0,3,0
1413,TX,Irion,3,3,0,3,0
1414,TX,Hutchinson,3,3,0,3,0
1415,TX,Hunt,3,3,0,3,0
1416,TX,Hays,3,3,0,3,0
1417,TX,Hamilton,3,3,0,3,0
1418,TX,Hansford,3,3,0,3,0
1419,TX,Hardeman,3,3,0,3,0
1420,TX,Hardin,3,3,0,3,0
1421,TX,Harrison,3,3,0,3,0
1422,TX,Hartley,3,3,0,3,0
1423,TX,Haskell,3,3,0,3,0
1424,TX,Hemphill,3,3,0,3,0
1425,TX,Hudspeth,3,3,0,3,0
1426,TX,Henderson,3,3,0,3,0
1427,TX,Hill,3,3,0,3,0
1428,TX,Hockley,3,3,0,3,0
1429,TX,Hood,3,3,0,3,0
1430,TX,Hopkins,3,3,0,3,0
1431,TX,Houston,3,3,0,3,0
1432,TX,Howard,3,3,0,3,0
1433,TX,Cooke,3,3,0,3,0
1434,TX,Concho,3,3,0,3,0
1435,TX,Comanche,3,3,0,3,0
1436,TX,Angelina,3,3,0,3,0
1437,TN,Rhea,3,3,0,3,0
1438,TN,Roane,3,3,0,3,0
1439,TN,Rutherford,3,3,0,3,0
1440,TN,Scott,3,3,0,3,0
1441,TN,Sequatchie,3,3,0,3,0
1442,TN,Sevier,3,3,0,3,0
1443,TN,Sullivan,3,3,0,3,0
1444,TN,Sumner,3,3,0,3,0
1445,TN,Tipton,3,3,0,3,0
1446,TN,Unicoi,3,3,0,3,0
1447,TN,Union,3,3,0,3,0
1448,TN,Washington,3,3,0,3,0
1449,TN,Wayne,3,3,0,3,0
1450,TN,Weakley,3,3,0,3,0
1451,TN,Williamson,3,3,0,3,0
1452,TN,Wilson,3,3,0,3,0
1453,TX,Anderson,3,3,0,3,0
1454,TN,Putnam,3,3,0,3,0
1455,TN,Polk,3,3,0,3,0
1456,TN,Pickett,3,3,0,3,0
1457,TN,Madison,3,3,0,3,0
1458,TN,Jefferson,3,3,0,3,0
1459,TN,Johnson,3,3,0,3,0
1460,TN,Knox,3,3,0,3,0
1461,TN,Lawrence,3,3,0,3,0
1462,TN,Lincoln,3,3,0,3,0
1463,TN,Loudon,3,3,0,3,0
1464,TN,Macon,3,3,0,3,0
1465,TN,Maury,3,3,0,3,0
1466,TN,Obion,3,3,0,3,0
1467,TN,McMinn,3,3,0,3,0
1468,TN,McNairy,3,3,0,3,0
1469,TN,Meigs,3,3,0,3,0
1470,TN,Monroe,3,3,0,3,0
1471,TN,Montgomery,3,3,0,3,0
1472,TN,Moore,3,3,0,3,0
1473,TN,Morgan,3,3,0,3,0
1474,TX,Andrews,3,3,0,3,0
1475,TX,Aransas,3,3,0,3,0
1476,TX,Comal,3,3,0,3,0
1477,TX,Archer,3,3,0,3,0
1478,TX,Calhoun,3,3,0,3,0
1479,TX,Callahan,3,3,0,3,0
1480,TX,Cameron,3,1,2,1,2
1481,TX,Camp,3,3,0,3,0
1482,TX,Carson,3,3,0,3,0
1483,TX,Cass,3,3,0,3,0
1484,TX,Castro,3,3,0,3,0
1485,TX,Chambers,3,3,0,3,0
1486,TX,Cherokee,3,3,0,3,0
1487,TX,Childress,3,3,0,3,0
1488,TX,Clay,3,3,0,3,0
1489,TX,Cochran,3,3,0,3,0
1490,TX,Coke,3,3,0,3,0
1491,TX,Coleman,3,3,0,3,0
1492,TX,Collin,3,3,0,3,0
1493,TX,Collingsworth,3,3,0,3,0
1494,TX,Colorado,3,3,0,3,0
1495,TX,Caldwell,3,3,0,3,0
1496,TX,Burnet,3,3,0,3,0
1497,TX,Burleson,3,3,0,3,0
1498,TX,Bee,3,3,0,3,0
1499,TX,Armstrong,3,3,0,3,0
1500,TX,Atascosa,3,3,0,3,0
1501,TX,Austin,3,3,0,3,0
1502,TX,Bailey,3,3,0,3,0
1503,TX,Bandera,3,3,0,3,0
1504,TX,Bastrop,3,3,0,3,0
1505,TX,Baylor,3,3,0,3,0
1506,TX,Bell,3,3,0,3,0
1507,TX,Brown,3,3,0,3,0
1508,TX,Blanco,3,3,0,3,0
1509,TX,Borden,3,3,0,3,0
1510,TX,Bosque,3,3,0,3,0
1511,TX,Bowie,3,3,0,3,0
1512,TX,Brazoria,3,3,0,3,0
1513,TX,Brazos,3,3,0,3,0
1514,TX,Briscoe,3,3,0,3,0
1515,MO,Sullivan,3,3,0,3,0
1516,MS,Montgomery,3,3,0,3,0
1517,MO,Stoddard,3,3,0,3,0
1518,IA,Worth,3,1,2,1,2
1519,IA,O'Brien,3,3,0,3,0
1520,IA,Osceola,3,3,0,3,0
1521,IA,Page,3,3,0,3,0
1522,IA,Plymouth,3,3,0,3,0
1523,IA,Pocahontas,3,3,0,3,0
1524,IA,Pottawattamie,3,3,0,3,0
1525,IA,Ringgold,3,3,0,3,0
1526,IA,Sac,3,3,0,3,0
1527,IA,Shelby,3,3,0,3,0
1528,IA,Sioux,3,3,0,3,0
1529,IA,Tama,3,1,2,1,2
1530,IA,Taylor,3,3,0,3,0
1531,IA,Van Buren,3,3,0,3,0
1532,IA,Wapello,3,1,2,1,2
1533,IA,Washington,3,3,0,3,0
1534,IA,Wayne,3,3,0,3,0
1535,IA,Webster,3,1,2,1,2
1536,IA,Muscatine,3,1,2,1,2
1537,IA,Montgomery,3,3,0,3,0
1538,IA,Monroe,3,3,0,3,0
1539,IA,Keokuk,3,3,0,3,0
1540,IA,Harrison,3,3,0,3,0
1541,IA,Henry,3,3,0,3,0
1542,IA,Howard,3,1,2,1,2
1543,IA,Humboldt,3,3,0,3,0
1544,IA,Ida,3,3,0,3,0
1545,IA,Jackson,3,1,2,1,2
1546,IA,Jones,3,1,2,1,2
1547,IA,Lee,3,1,2,1,2
1548,IA,Monona,3,3,0,3,0
1549,IA,Lucas,3,3,0,3,0
1550,IA,Lyon,3,3,0,3,0
1551,IA,Madison,3,3,0,3,0
1552,IA,Mahaska,3,3,0,3,0
1553,IA,Marion,3,3,0,3,0
1554,IA,Mills,3,3,0,3,0
1555,IA,Mitchell,3,1,2,1,2
1556,IA,Winnebago,3,2,1,2,1
1557,IA,Wright,3,3,0,3,0
1558,IA,Guthrie,3,3,0,3,0
1559,ID,Ada,3,3,0,3,0
1560,ID,Gem,3,3,0,3,0
1561,ID,Gooding,3,3,0,3,0
1562,ID,Idaho,3,3,0,3,0
1563,ID,Jefferson,3,3,0,3,0
1564,ID,Jerome,3,3,0,3,0
1565,ID,Kootenai,3,3,0,3,0
1566,ID,Lemhi,3,3,0,3,0
1567,ID,Lewis,3,3,0,3,0
1568,ID,Lincoln,3,3,0,3,0
1569,ID,Madison,3,3,0,3,0
1570,ID,Minidoka,3,3,0,3,0
1571,ID,Nez Perce,3,3,0,3,0
1572,ID,Oneida,3,3,0,3,0
1573,ID,Owyhee,3,3,0,3,0
1574,ID,Payette,3,3,0,3,0
1575,ID,Power,3,3,0,3,0
1576,ID,Shoshone,3,3,0,3,0
1577,ID,Fremont,3,3,0,3,0
1578,ID,Franklin,3,3,0,3,0
1579,ID,Elmore,3,3,0,3,0
1580,ID,Bonneville,3,3,0,3,0
1581,ID,Adams,3,3,0,3,0
1582,ID,Bannock,3,3,0,3,0
1583,ID,Bear Lake,3,3,0,3,0
1584,ID,Benewah,3,3,0,3,0
1585,ID,Bingham,3,3,0,3,0
1586,ID,Boise,3,3,0,3,0
1587,ID,Bonner,3,3,0,3,0
1588,ID,Boundary,3,3,0,3,0
1589,ID,Custer,3,3,0,3,0
1590,ID,Butte,3,3,0,3,0
1591,ID,Camas,3,3,0,3,0
1592,ID,Canyon,3,3,0,3,0
1593,ID,Caribou,3,3,0,3,0
1594,ID,Cassia,3,3,0,3,0
1595,ID,Clark,3,3,0,3,0
1596,ID,Clearwater,3,3,0,3,0
1597,IA,Hancock,3,3,0,3,0
1598,IA,Grundy,3,3,0,3,0
1599,KS,Cloud,3,3,0,3,0
1600,GA,Treutlen,3,3,0,3,0
1601,GA,Pierce,3,3,0,3,0
1602,GA,Pike,3,3,0,3,0
1603,GA,Polk,3,3,0,3,0
1604,GA,Pulaski,3,3,0,3,0
1605,GA,Putnam,3,3,0,3,0
1606,GA,Quitman,3,1,2,1,2
1607,GA,Rabun,3,3,0,3,0
1608,GA,Schley,3,3,0,3,0
1609,GA,Screven,3,3,0,3,0
1610,GA,Seminole,3,3,0,3,0
1611,GA,Spalding,3,3,0,3,0
1612,GA,Stephens,3,3,0,3,0
1613,GA,Tattnall,3,3,0,3,0
1614,GA,Taylor,3,3,0,3,0
1615,GA,Thomas,3,3,0,3,0
1616,GA,Tift,3,3,0,3,0
1617,GA,Toombs,3,3,0,3,0
1618,GA,Pickens,3,3,0,3,0
1619,GA,Paulding,3,3,0,3,0
1620,GA,Oglethorpe,3,3,0,3,0
1621,GA,Lumpkin,3,3,0,3,0
1622,GA,Lamar,3,3,0,3,0
1623,GA,Lanier,3,3,0,3,0
1624,GA,Laurens,3,3,0,3,0
1625,GA,Lee,3,3,0,3,0
1626,GA,Lincoln,3,3,0,3,0
1627,GA,Long,3,3,0,3,0
1628,GA,Lowndes,3,3,0,3,0
1629,GA,Madison,3,3,0,3,0
1630,GA,Oconee,3,3,0,3,0
1631,GA,Marion,3,3,0,3,0
1632,GA,McDuffie,3,3,0,3,0
1633,GA,Miller,3,3,0,3,0
1634,GA,Monroe,3,3,0,3,0
1635,GA,Montgomery,3,3,0,3,0
1636,GA,Morgan,3,3,0,3,0
1637,GA,Murray,3,3,0,3,0
1638,GA,Towns,3,3,0,3,0
1639,GA,Troup,3,3,0,3,0
1640,IA,Greene,3,2,1,2,1
1641,GA,Turner,3,3,0,3,0
1642,IA,Calhoun,3,3,0,3,0
1643,IA,Cass,3,3,0,3,0
1644,IA,Cerro Gordo,3,1,2,1,2
1645,IA,Cherokee,3,3,0,3,0
1646,IA,Chickasaw,3,1,2,1,2
1647,IA,Clarke,3,1,2,1,2
1648,IA,Clay,3,3,0,3,0
1649,IA,Clayton,3,1,2,1,2
1650,IA,Clinton,3,1,2,1,2
1651,IA,Dallas,3,3,0,3,0
1652,IA,Davis,3,3,0,3,0
1653,IA,Decatur,3,3,0,3,0
1654,IA,Des Moines,3,1,2,1,2
1655,IA,Dickinson,3,3,0,3,0
1656,IA,Dubuque,3,1,2,1,2
1657,IA,Floyd,3,1,2,1,2
1658,IA,Fremont,3,3,0,3,0
1659,IA,Butler,3,3,0,3,0
1660,IA,Buena Vista,3,3,0,3,0
1661,IA,Buchanan,3,1,2,1,2
1662,GA,Wayne,3,3,0,3,0
1663,GA,Twiggs,3,1,2,1,2
1664,GA,Union,3,3,0,3,0
1665,GA,Upson,3,3,0,3,0
1666,GA,Walker,3,3,0,3,0
1667,GA,Walton,3,3,0,3,0
1668,GA,Ware,3,3,0,3,0
1669,GA,Washington,3,1,2,1,2
1670,GA,Wheeler,3,3,0,3,0
1671,IA,Boone,3,1,2,1,2
1672,GA,White,3,3,0,3,0
1673,GA,Whitfield,3,3,0,3,0
1674,GA,Wilcox,3,3,0,3,0
1675,GA,Wilkes,3,3,0,3,0
1676,GA,Worth,3,3,0,3,0
1677,IA,Adair,3,3,0,3,0
1678,IA,Appanoose,3,3,0,3,0
1679,ID,Twin Falls,3,3,0,3,0
1680,ID,Valley,3,3,0,3,0
1681,ID,Washington,3,3,0,3,0
1682,IN,Ohio,3,3,0,3,0
1683,IN,Jay,3,3,0,3,0
1684,IN,Jefferson,3,3,0,3,0
1685,IN,Jennings,3,3,0,3,0
1686,IN,Johnson,3,3,0,3,0
1687,IN,Knox,3,3,0,3,0
1688,IN,Kosciusko,3,3,0,3,0
1689,IN,LaGrange,3,3,0,3,0
1690,IN,LaPorte,3,1,2,1,2
1691,IN,Lawrence,3,3,0,3,0
1692,IN,Marion,3,1,2,1,2
1693,IN,Marshall,3,3,0,3,0
1694,IN,Martin,3,3,0,3,0
1695,IN,Miami,3,3,0,3,0
1696,IN,Monroe,3,1,2,1,2
1697,IN,Montgomery,3,3,0,3,0
1698,IN,Morgan,3,3,0,3,0
1699,IN,Newton,3,3,0,3,0
1700,IN,Jasper,3,3,0,3,0
1701,IN,Jackson,3,3,0,3,0
1702,IN,Huntington,3,3,0,3,0
1703,IN,Fulton,3,3,0,3,0
1704,IN,Decatur,3,3,0,3,0
1705,IN,Dubois,3,3,0,3,0
1706,IN,Elkhart,3,3,0,3,0
1707,IN,Fayette,3,3,0,3,0
1708,IN,Floyd,3,3,0,3,0
1709,IN,Fountain,3,3,0,3,0
1710,IN,Franklin,3,3,0,3,0
1711,IN,Gibson,3,3,0,3,0
1712,IN,Howard,3,3,0,3,0
1713,IN,Grant,3,3,0,3,0
1714,IN,Greene,3,3,0,3,0
1715,IN,Hamilton,3,3,0,3,0
1716,IN,Hancock,3,3,0,3,0
1717,IN,Harrison,3,3,0,3,0
1718,IN,Hendricks,3,3,0,3,0
1719,IN,Henry,3,3,0,3,0
1720,IN,Noble,3,3,0,3,0
1721,IN,Orange,3,3,0,3,0
1722,IL,Adams,3,3,0,3,0
1723,IN,Owen,3,3,0,3,0
1724,IN,Wayne,3,3,0,3,0
1725,IN,Wells,3,3,0,3,0
1726,IN,White,3,3,0,3,0
1727,IN,Whitley,3,3,0,3,0
1728,KS,Allen,3,3,0,3,0
1729,KS,Anderson,3,3,0,3,0
1730,KS,Atchison,3,3,0,3,0
1731,KS,Barber,3,3,0,3,0
1732,KS,Barton,3,3,0,3,0
1733,KS,Bourbon,3,3,0,3,0
1734,KS,Brown,3,3,0,3,0
1735,KS,Butler,3,3,0,3,0
1736,KS,Chase,3,3,0,3,0
1737,KS,Chautauqua,3,3,0,3,0
1738,KS,Cherokee,3,3,0,3,0
1739,KS,Cheyenne,3,3,0,3,0
1740,KS,Clark,3,3,0,3,0
1741,IN,Washington,3,3,0,3,0
1742,IN,Warrick,3,3,0,3,0
1743,IN,Warren,3,3,0,3,0
1744,IN,Rush,3,3,0,3,0
1745,IN,Parke,3,3,0,3,0
1746,IN,Pike,3,3,0,3,0
1747,IN,Posey,3,3,0,3,0
1748,IN,Pulaski,3,3,0,3,0
1749,IN,Putnam,3,3,0,3,0
1750,IN,Randolph,3,3,0,3,0
1751,IN,Ripley,3,3,0,3,0
1752,IN,Shelby,3,3,0,3,0
1753,IN,Wabash,3,3,0,3,0
1754,IN,St. Joseph,3,1,2,1,2
1755,IN,Steuben,3,3,0,3,0
1756,IN,Sullivan,3,3,0,3,0
1757,IN,Switzerland,3,3,0,3,0
1758,IN,Tipton,3,3,0,3,0
1759,IN,Union,3,3,0,3,0
1760,IN,Vermillion,3,2,1,2,1
1761,IN,Dearborn,3,3,0,3,0
1762,IN,DeKalb,3,3,0,3,0
1763,IN,Daviess,3,3,0,3,0
1764,IN,Crawford,3,3,0,3,0
1765,IL,Hancock,3,3,0,3,0
1766,IL,Hardin,3,3,0,3,0
1767,IL,Henderson,3,1,2,1,2
1768,IL,Iroquois,3,3,0,3,0
1769,IL,Jasper,3,3,0,3,0
1770,IL,Jefferson,3,3,0,3,0
1771,IL,Jersey,3,3,0,3,0
1772,IL,Johnson,3,3,0,3,0
1773,IL,Knox,3,1,2,1,2
1774,IL,LaSalle,3,2,1,2,1
1775,IL,Lawrence,3,3,0,3,0
1776,IL,Lee,3,3,0,3,0
1777,IL,Livingston,3,3,0,3,0
1778,IL,Logan,3,3,0,3,0
1779,IL,Macon,3,2,1,2,1
1780,IL,Macoupin,3,2,1,2,1
1781,IL,Marshall,3,3,0,3,0
1782,IL,Hamilton,3,3,0,3,0
1783,IL,Greene,3,3,0,3,0
1784,IL,Gallatin,3,2,1,2,1
1785,IL,Crawford,3,3,0,3,0
1786,IL,Alexander,3,1,2,1,2
1787,IL,Bond,3,3,0,3,0
1788,IL,Brown,3,3,0,3,0
1789,IL,Christian,3,3,0,3,0
1790,IL,Clark,3,3,0,3,0
1791,IL,Clay,3,3,0,3,0
1792,IL,Clinton,3,3,0,3,0
1793,IL,Cumberland,3,3,0,3,0
1794,IL,Fulton,3,1,2,1,2
1795,IL,De Witt,3,3,0,3,0
1796,IL,Douglas,3,3,0,3,0
1797,IL,Edgar,3,3,0,3,0
1798,IL,Edwards,3,3,0,3,0
1799,IL,Effingham,3,3,0,3,0
1800,IL,Fayette,3,3,0,3,0
1801,IL,Ford,3,3,0,3,0
1802,IL,Massac,3,3,0,3,0
1803,IL,Menard,3,3,0,3,0
1804,IL,Mercer,3,1,2,1,2
1805,IN,Benton,3,3,0,3,0
1806,IL,White,3,3,0,3,0
1807,IL,Whiteside,3,1,2,1,2
1808,IL,Williamson,3,3,0,3,0
1809,IL,Woodford,3,3,0,3,0
1810,IN,Adams,3,3,0,3,0
1811,IN,Allen,3,3,0,3,0
1812,IN,Bartholomew,3,3,0,3,0
1813,IN,Blackford,3,3,0,3,0
1814,IL,Washington,3,3,0,3,0
1815,IN,Boone,3,3,0,3,0
1816,IN,Brown,3,3,0,3,0
1817,IN,Carroll,3,3,0,3,0
1818,IN,Cass,3,3,0,3,0
1819,IN,Clark,3,3,0,3,0
1820,IN,Clay,3,3,0,3,0
1821,IN,Clinton,3,3,0,3,0
1822,IL,Wayne,3,3,0,3,0
1823,IL,Wabash,3,3,0,3,0
1824,IL,Monroe,3,3,0,3,0
1825,IL,Pulaski,3,2,1,2,1
1826,IL,Montgomery,3,2,1,2,1
1827,IL,Morgan,3,3,0,3,0
1828,IL,Moultrie,3,3,0,3,0
1829,IL,Ogle,3,3,0,3,0
1830,IL,Piatt,3,3,0,3,0
1831,IL,Pike,3,3,0,3,0
1832,IL,Pope,3,3,0,3,0
1833,IL,Putnam,3,1,2,1,2
1834,IL,Union,3,3,0,3,0
1835,IL,Randolph,3,3,0,3,0
1836,IL,Richland,3,3,0,3,0
1837,IL,Saline,3,3,0,3,0
1838,IL,Scott,3,3,0,3,0
1839,IL,Shelby,3,3,0,3,0
1840,IL,Stark,3,3,0,3,0
1841,IL,Tazewell,3,3,0,3,0
1842,GA,Jones,3,3,0,3,0
1843,GA,Johnson,3,3,0,3,0
1844,GA,Jenkins,3,3,0,3,0
1845,AZ,Graham,3,3,0,3,0
1846,AR,Polk,3,3,0,3,0
1847,AR,Pope,3,3,0,3,0
1848,AR,Prairie,3,3,0,3,0
1849,AR,Saline,3,3,0,3,0
1850,AR,Scott,3,3,0,3,0
1851,AR,Searcy,3,3,0,3,0
1852,AR,Sebastian,3,3,0,3,0
1853,AR,Sevier,3,3,0,3,0
1854,AR,Sharp,3,3,0,3,0
1855,AR,Stone,3,3,0,3,0
1856,AR,Union,3,3,0,3,0
1857,AR,Van Buren,3,3,0,3,0
1858,AR,Washington,3,3,0,3,0
1859,AR,White,3,3,0,3,0
1860,AR,Woodruff,3,1,2,1,2
1861,AR,Yell,3,3,0,3,0
1862,AZ,Cochise,3,3,0,3,0
1863,AR,Pike,3,3,0,3,0
1864,AR,Perry,3,3,0,3,0
1865,AR,Newton,3,3,0,3,0
1866,AR,Grant,3,3,0,3,0
1867,AR,Columbia,3,3,0,3,0
1868,AR,Conway,3,3,0,3,0
1869,AR,Crawford,3,3,0,3,0
1870,AR,Faulkner,3,3,0,3,0
1871,AR,Franklin,3,3,0,3,0
1872,AR,Fulton,3,3,0,3,0
1873,AR,Garland,3,3,0,3,0
1874,AR,Howard,3,3,0,3,0
1875,AR,Montgomery,3,3,0,3,0
1876,AR,Independence,3,3,0,3,0
1877,AR,Johnson,3,3,0,3,0
1878,AR,Logan,3,3,0,3,0
1879,AR,Lonoke,3,3,0,3,0
1880,AR,Madison,3,3,0,3,0
1881,AR,Marion,3,3,0,3,0
1882,AR,Miller,3,3,0,3,0
1883,AZ,Gila,3,3,0,3,0
1884,AZ,Greenlee,3,3,0,3,0
1885,CO,Crowley,3,3,0,3,0
1886,AZ,La Paz,3,3,0,3,0
1887,CA,Mono,3,1,2,1,2
1888,CA,Nevada,3,2,1,2,1
1889,CA,Placer,3,3,0,3,0
1890,CA,Plumas,3,3,0,3,0
1891,CA,Shasta,3,3,0,3,0
1892,CA,Sierra,3,3,0,3,0
1893,CA,Siskiyou,3,3,0,3,0
1894,CA,Sutter,3,3,0,3,0
1895,CA,Tehama,3,3,0,3,0
1896,CA,Tulare,3,3,0,3,0
1897,CA,Tuolumne,3,3,0,3,0
1898,CA,Yuba,3,3,0,3,0
1899,CO,Archuleta,3,3,0,3,0
1900,CO,Baca,3,3,0,3,0
1901,CO,Bent,3,3,0,3,0
1902,CO,Broomfield,3,1,2,1,2
1903,CO,Cheyenne,3,3,0,3,0
1904,CA,Modoc,3,3,0,3,0
1905,CA,Mariposa,3,3,0,3,0
1906,CA,Madera,3,3,0,3,0
1907,CA,Amador,3,3,0,3,0
1908,AZ,Maricopa,3,3,0,3,0
1909,AZ,Mohave,3,3,0,3,0
1910,AZ,Navajo,3,3,0,3,0
1911,AZ,Pinal,3,3,0,3,0
1912,AZ,Yavapai,3,3,0,3,0
1913,AZ,Yuma,3,3,0,3,0
1914,CA,Alpine,3,1,2,1,2
1915,CA,Calaveras,3,3,0,3,0
1916,CA,Lassen,3,3,0,3,0
1917,CA,Colusa,3,3,0,3,0
1918,CA,Del Norte,3,3,0,3,0
1919,CA,El Dorado,3,3,0,3,0
1920,CA,Glenn,3,3,0,3,0
1921,CA,Inyo,3,3,0,3,0
1922,CA,Kern,3,3,0,3,0
1923,CA,Kings,3,3,0,3,0
1924,AR,Cleveland,3,3,0,3,0
1925,AR,Cleburne,3,3,0,3,0
1926,AR,Carroll,3,3,0,3,0
1927,AR,Calhoun,3,3,0,3,0
1928,AK,District 7,3,3,0,3,0
1929,AK,District 9,3,3,0,3,0
1930,AL,Autauga,3,3,0,3,0
1931,AL,Baldwin,3,3,0,3,0
1932,AL,Barbour,3,2,1,2,1
1933,AL,Bibb,3,3,0,3,0
1934,AL,Blount,3,3,0,3,0
1935,AL,Butler,3,3,0,3,0
1936,AL,Calhoun,3,3,0,3,0
1937,AL,Chambers,3,3,0,3,0
1938,AL,Cherokee,3,3,0,3,0
1939,AL,Chilton,3,3,0,3,0
1940,AL,Clarke,3,3,0,3,0
1941,AL,Clay,3,3,0,3,0
1942,AL,Cleburne,3,3,0,3,0
1943,AL,Coffee,3,3,0,3,0
1944,AL,Conecuh,3,2,1,2,1
1945,AK,District 6,3,3,0,3,0
1946,AK,District 5,3,3,0,3,0
1947,AK,District 40,3,2,1,2,1
1948,AK,District 19,3,2,1,2,1
1949,AK,District 11,3,3,0,3,0
1950,AK,District 12,3,3,0,3,0
1951,AK,District 13,3,3,0,3,0
1952,AK,District 14,3,3,0,3,0
1953,AK,District 16,3,2,1,2,1
1954,AK,District 17,3,2,1,2,1
1955,AK,District 18,3,2,1,2,1
1956,AK,District 2,3,3,0,3,0
1957,AK,District 37,3,2,1,2,1
1958,AK,District 24,3,3,0,3,0
1959,AK,District 27,3,3,0,3,0
1960,AK,District 28,3,3,0,3,0
1961,AK,District 29,3,3,0,3,0
1962,AK,District 30,3,3,0,3,0
1963,AK,District 34,3,2,1,2,1
1964,AK,District 35,3,3,0,3,0
1965,AL,Coosa,3,3,0,3,0
1966,AL,Covington,3,3,0,3,0
1967,AL,Crenshaw,3,3,0,3,0
1968,AL,Tallapoosa,3,3,0,3,0
1969,AL,Morgan,3,3,0,3,0
1970,AL,Pickens,3,3,0,3,0
1971,AL,Pike,3,3,0,3,0
1972,AL,Randolph,3,3,0,3,0
1973,AL,Shelby,3,3,0,3,0
1974,AL,St. Clair,3,3,0,3,0
1975,AL,Talladega,3,3,0,3,0
1976,AL,Tuscaloosa,3,3,0,3,0
1977,AL,Mobile,3,3,0,3,0
1978,AL,Walker,3,3,0,3,0
1979,AL,Washington,3,3,0,3,0
1980,AL,Winston,3,3,0,3,0
1981,AR,Arkansas,3,3,0,3,0
1982,AR,Baxter,3,3,0,3,0
1983,AR,Benton,3,3,0,3,0
1984,AR,Boone,3,3,0,3,0
1985,AL,Monroe,3,3,0,3,0
1986,AL,Marshall,3,3,0,3,0
1987,AL,Cullman,3,3,0,3,0
1988,AL,Geneva,3,3,0,3,0
1989,AL,Dale,3,3,0,3,0
1990,AL,DeKalb,3,3,0,3,0
1991,AL,Elmore,3,3,0,3,0
1992,AL,Escambia,3,3,0,3,0
1993,AL,Etowah,3,3,0,3,0
1994,AL,Fayette,3,3,0,3,0
1995,AL,Franklin,3,3,0,3,0
1996,AL,Henry,3,3,0,3,0
1997,AL,Marion,3,3,0,3,0
1998,AL,Houston,3,3,0,3,0
1999,AL,Lamar,3,3,0,3,0
2000,AL,Lauderdale,3,3,0,3,0
2001,AL,Lee,3,3,0,3,0
2002,AL,Limestone,3,3,0,3,0
2003,AL,Madison,3,3,0,3,0
2004,AL,Marengo,3,1,2,1,2
2005,CO,Clear Creek,3,1,2,1,2
2006,CO,Custer,3,3,0,3,0
2007,GA,Jeff Davis,3,3,0,3,0
2008,GA,Cherokee,3,3,0,3,0
2009,GA,Bartow,3,3,0,3,0
2010,GA,Ben Hill,3,3,0,3,0
2011,GA,Berrien,3,3,0,3,0
2012,GA,Bleckley,3,3,0,3,0
2013,GA,Brantley,3,3,0,3,0
2014,GA,Brooks,3,3,0,3,0
2015,GA,Bryan,3,3,0,3,0
2016,GA,Bulloch,3,3,0,3,0
2017,GA,Burke,3,1,2,1,2
2018,GA,Butts,3,3,0,3,0
2019,GA,Camden,3,3,0,3,0
2020,GA,Candler,3,3,0,3,0
2021,GA,Carroll,3,3,0,3,0
2022,GA,Catoosa,3,3,0,3,0
2023,GA,Charlton,3,3,0,3,0
2024,GA,Chatham,3,1,2,1,2
2025,GA,Chattahoochee,3,2,1,2,1
2026,GA,Barrow,3,3,0,3,0
2027,GA,Banks,3,3,0,3,0
2028,GA,Baker,3,1,2,1,2
2029,FL,Sumter,3,3,0,3,0
2030,FL,Polk,3,3,0,3,0
2031,FL,Putnam,3,3,0,3,0
2032,FL,Santa Rosa,3,3,0,3,0
2033,FL,Sarasota,3,3,0,3,0
2034,FL,Seminole,3,3,0,3,0
2035,FL,St. Johns,3,3,0,3,0
2036,FL,St. Lucie,3,1,2,1,2
2037,FL,Suwannee,3,3,0,3,0
2038,GA,Bacon,3,3,0,3,0
2039,FL,Taylor,3,3,0,3,0
2040,FL,Union,3,3,0,3,0
2041,FL,Wakulla,3,3,0,3,0
2042,FL,Walton,3,3,0,3,0
2043,FL,Washington,3,3,0,3,0
2044,GA,Appling,3,3,0,3,0
2045,GA,Atkinson,3,3,0,3,0
2046,GA,Chattooga,3,3,0,3,0
2047,GA,Clinch,3,3,0,3,0
2048,CO,Delta,3,3,0,3,0
2049,GA,Coffee,3,3,0,3,0
2050,GA,Franklin,3,3,0,3,0
2051,GA,Gilmer,3,3,0,3,0
2052,GA,Glascock,3,3,0,3,0
2053,GA,Glynn,3,3,0,3,0
2054,GA,Gordon,3,3,0,3,0
2055,GA,Grady,3,3,0,3,0
2056,GA,Greene,3,3,0,3,0
2057,GA,Habersham,3,3,0,3,0
2058,GA,Hall,3,3,0,3,0
2059,GA,Haralson,3,3,0,3,0
2060,GA,Harris,3,3,0,3,0
2061,GA,Hart,3,3,0,3,0
2062,GA,Heard,3,3,0,3,0
2063,GA,Houston,3,3,0,3,0
2064,GA,Irwin,3,3,0,3,0
2065,GA,Jackson,3,3,0,3,0
2066,GA,Jasper,3,3,0,3,0
2067,GA,Forsyth,3,3,0,3,0
2068,GA,Floyd,3,3,0,3,0
2069,GA,Fayette,3,3,0,3,0
2070,GA,Dawson,3,3,0,3,0
2071,GA,Colquitt,3,3,0,3,0
2072,GA,Columbia,3,3,0,3,0
2073,GA,Cook,3,3,0,3,0
2074,GA,Coweta,3,3,0,3,0
2075,GA,Crawford,3,3,0,3,0
2076,GA,Crisp,3,3,0,3,0
2077,GA,Dade,3,3,0,3,0
2078,GA,Decatur,3,3,0,3,0
2079,GA,Fannin,3,3,0,3,0
2080,GA,Dodge,3,3,0,3,0
2081,GA,Dooly,3,1,2,1,2
2082,GA,Echols,3,3,0,3,0
2083,GA,Effingham,3,3,0,3,0
2084,GA,Elbert,3,3,0,3,0
2085,GA,Emanuel,3,3,0,3,0
2086,GA,Evans,3,3,0,3,0
2087,FL,Osceola,3,1,2,1,2
2088,FL,Okeechobee,3,3,0,3,0
2089,FL,Okaloosa,3,3,0,3,0
2090,FL,Nassau,3,3,0,3,0
2091,CO,Montezuma,3,3,0,3,0
2092,CO,Montrose,3,3,0,3,0
2093,CO,Morgan,3,3,0,3,0
2094,CO,Otero,3,3,0,3,0
2095,CO,Park,3,3,0,3,0
2096,CO,Phillips,3,3,0,3,0
2097,CO,Prowers,3,3,0,3,0
2098,CO,Pueblo,3,1,2,1,2
2099,CO,Rio Blanco,3,3,0,3,0
2100,CO,Rio Grande,3,3,0,3,0
2101,CO,Routt,3,1,2,1,2
2102,CO,San Juan,3,1,2,1,2
2103,CO,Sedgwick,3,3,0,3,0
2104,CO,Teller,3,3,0,3,0
2105,CO,Washington,3,3,0,3,0
2106,CO,Weld,3,3,0,3,0
2107,CO,Yuma,3,3,0,3,0
2108,CO,Moffat,3,3,0,3,0
2109,CO,Mineral,3,3,0,3,0
2110,CO,Mesa,3,3,0,3,0
2111,CO,Grand,3,3,0,3,0
2112,CO,Dolores,3,3,0,3,0
2113,CO,Douglas,3,3,0,3,0
2114,CO,Eagle,3,1,2,1,2
2115,CO,El Paso,3,3,0,3,0
2116,CO,Elbert,3,3,0,3,0
2117,CO,Fremont,3,3,0,3,0
2118,CO,Garfield,3,3,0,3,0
2119,CO,Gunnison,3,1,2,1,2
2120,CO,Logan,3,3,0,3,0
2121,CO,Hinsdale,3,3,0,3,0
2122,CO,Jackson,3,3,0,3,0
2123,CO,Kiowa,3,3,0,3,0
2124,CO,Kit Carson,3,3,0,3,0
2125,CO,La Plata,3,1,2,1,2
2126,CO,Las Animas,3,1,2,1,2
2127,CO,Lincoln,3,3,0,3,0
2128,CT,Litchfield,3,2,1,2,1
2129,CT,Windham,3,1,2,1,2
2130,DE,Sussex,3,3,0,3,0
2131,FL,Lake,3,3,0,3,0
2132,FL,Hendry,3,3,0,3,0
2133,FL,Highlands,3,3,0,3,0
2134,FL,Holmes,3,3,0,3,0
2135,FL,Indian River,3,3,0,3,0
2136,FL,Jackson,3,3,0,3,0
2137,FL,Jefferson,3,1,2,1,2
2138,FL,Lafayette,3,3,0,3,0
2139,FL,Lee,3,3,0,3,0
2140,FL,Hamilton,3,3,0,3,0
2141,FL,Levy,3,3,0,3,0
2142,FL,Liberty,3,3,0,3,0
2143,FL,Madison,3,3,0,3,0
2144,FL,Manatee,3,3,0,3,0
2145,FL,Marion,3,3,0,3,0
2146,FL,Martin,3,3,0,3,0
2147,FL,Monroe,3,1,2,1,2
2148,FL,Hardee,3,3,0,3,0
2149,FL,Gulf,3,3,0,3,0
2150,FL,Baker,3,3,0,3,0
2151,FL,Collier,3,3,0,3,0
2152,FL,Bay,3,3,0,3,0
2153,FL,Bradford,3,3,0,3,0
2154,FL,Brevard,3,3,0,3,0
2155,FL,Calhoun,3,3,0,3,0
2156,FL,Charlotte,3,3,0,3,0
2157,FL,Citrus,3,3,0,3,0
2158,FL,Clay,3,3,0,3,0
2159,FL,Columbia,3,3,0,3,0
2160,FL,Glades,3,3,0,3,0
2161,FL,Desoto,3,3,0,3,0
2162,FL,Dixie,3,3,0,3,0
2163,FL,Duval,3,3,0,3,0
2164,FL,Escambia,3,3,0,3,0
2165,FL,Flagler,3,2,1,2,1
2166,FL,Franklin,3,3,0,3,0
2167,FL,Gilchrist,3,3,0,3,0
2168,KS,Clay,3,3,0,3,0
2169,IL,Marion,3,3,0,3,0
2170,KS,Coffey,3,3,0,3,0
2171,ME,Kennebec,3,1,2,1,2
2172,ME,Oxford,3,1,2,1,2
2173,ME,Piscataquis,3,3,0,3,0
2174,ME,Somerset,3,1,2,1,2
2175,ME,Waldo,3,1,2,1,2
2176,MI,Alcona,3,3,0,3,0
2177,MI,Alger,3,2,1,2,1
2178,MI,Allegan,3,3,0,3,0
2179,MI,Alpena,3,2,1,2,1
2180,MI,Antrim,3,3,0,3,0
2181,MI,Baraga,3,3,0,3,0
2182,MI,Barry,3,3,0,3,0
2183,MI,Bay,3,1,2,1,2
2184,MI,Branch,3,3,0,3,0
2185,MI,Charlevoix,3,3,0,3,0
2186,MI,Cheboygan,3,3,0,3,0
2187,ME,Lincoln,3,1,2,1,2
2188,ME,Franklin,3,1,2,1,2
2189,MD,Allegany,3,3,0,3,0
2190,ME,Aroostook,3,1,2,1,2
2191,MD,Caroline,3,3,0,3,0
2192,MD,Carroll,3,3,0,3,0
2193,MD,Cecil,3,3,0,3,0
2194,MD,Dorchester,3,3,0,3,0
2195,KS,Comanche,3,3,0,3,0
2196,MD,Garrett,3,3,0,3,0
2197,MD,Harford,3,3,0,3,0
2198,MD,Queen Anne's,3,3,0,3,0
2199,MD,Somerset,3,2,1,2,1
2200,MD,St. Mary's,3,3,0,3,0
2201,MD,Talbot,3,3,0,3,0
2202,MD,Washington,3,3,0,3,0
2203,MD,Wicomico,3,3,0,3,0
2204,MD,Worcester,3,3,0,3,0
2205,ME,Androscoggin,3,1,2,1,2
2206,MI,Chippewa,3,3,0,3,0
2207,MI,Clare,3,2,1,2,1
2208,MI,Crawford,3,3,0,3,0
2209,MI,Dickinson,3,3,0,3,0
2210,MI,Midland,3,3,0,3,0
2211,MI,Missaukee,3,3,0,3,0
2212,MI,Montcalm,3,3,0,3,0
2213,MI,Montmorency,3,3,0,3,0
2214,MI,Newaygo,3,3,0,3,0
2215,MI,Ogemaw,3,2,1,2,1
2216,MI,Osceola,3,3,0,3,0
2217,MI,Oscoda,3,3,0,3,0
2218,MI,Otsego,3,3,0,3,0
2219,MI,Ottawa,3,3,0,3,0
2220,MI,Roscommon,3,2,1,2,1
2221,MI,Saginaw,3,1,2,1,2
2222,MI,Sanilac,3,3,0,3,0
2223,MI,St. Joseph,3,3,0,3,0
2224,MI,Tuscola,3,3,0,3,0
2225,MI,Mecosta,3,3,0,3,0
2226,MI,Mackinac,3,3,0,3,0
2227,MI,Luce,3,3,0,3,0
2228,MI,Ionia,3,3,0,3,0
2229,MI,Emmet,3,3,0,3,0
2230,MI,Gogebic,3,1,2,1,2
2231,MI,Grand Traverse,3,3,0,3,0
2232,MI,Hillsdale,3,3,0,3,0
2233,MI,Houghton,3,3,0,3,0
2234,MI,Huron,3,3,0,3,0
2235,MI,Iosco,3,2,1,2,1
2236,MI,Livingston,3,3,0,3,0
2237,MI,Iron,3,2,1,2,1
2238,MI,Isabella,3,1,2,1,2
2239,MI,Kalkaska,3,3,0,3,0
2240,MI,Keweenaw,3,3,0,3,0
2241,MI,Lake,3,1,2,1,2
2242,MI,Lapeer,3,3,0,3,0
2243,MD,Calvert,3,3,0,3,0
2244,LA,Winn,3,3,0,3,0
2245,KY,Owen,3,3,0,3,0
2246,KY,Washington,3,3,0,3,0
2247,KY,Webster,3,3,0,3,0
2248,KY,Whitley,3,3,0,3,0
2249,KY,Wolfe,3,2,1,2,1
2250,KY,Woodford,3,3,0,3,0
2251,LA,Acadia,3,3,0,3,0
2252,LA,Allen,3,3,0,3,0
2253,LA,Ascension,3,3,0,3,0
2254,LA,Avoyelles,3,3,0,3,0
2255,LA,Beauregard,3,3,0,3,0
2256,LA,Bossier,3,3,0,3,0
2257,LA,Caddo,3,1,2,1,2
2258,LA,Calcasieu,3,3,0,3,0
2259,LA,Caldwell,3,3,0,3,0
2260,LA,Cameron,3,3,0,3,0
2261,LA,Catahoula,3,3,0,3,0
2262,KY,Wayne,3,3,0,3,0
2263,KY,Warren,3,3,0,3,0
2264,LA,West Feliciana,3,3,0,3,0
2265,KY,Union,3,3,0,3,0
2266,KY,Pendleton,3,3,0,3,0
2267,KY,Powell,3,3,0,3,0
2268,KY,Pulaski,3,3,0,3,0
2269,KY,Robertson,3,3,0,3,0
2270,KY,Rockcastle,3,3,0,3,0
2271,KY,Rowan,3,2,1,2,1
2272,KY,Russell,3,3,0,3,0
2273,KY,Scott,3,3,0,3,0
2274,KY,Shelby,3,3,0,3,0
2275,KY,Simpson,3,3,0,3,0
2276,KY,Spencer,3,3,0,3,0
2277,KY,Taylor,3,3,0,3,0
2278,KY,Todd,3,3,0,3,0
2279,KY,Trigg,3,3,0,3,0
2280,KY,Trimble,3,3,0,3,0
2281,LA,Claiborne,3,3,0,3,0
2282,LA,Concordia,3,3,0,3,0
2283,LA,De Soto,3,3,0,3,0
2284,LA,East Feliciana,3,3,0,3,0
2285,LA,Richland,3,3,0,3,0
2286,LA,Sabine,3,3,0,3,0
2287,LA,St. Bernard,3,3,0,3,0
2288,LA,St. Charles,3,3,0,3,0
2289,LA,St. Martin,3,3,0,3,0
2290,LA,St. Mary,3,3,0,3,0
2291,LA,St. Tammany,3,3,0,3,0
2292,LA,Tangipahoa,3,3,0,3,0
2293,LA,Terrebonne,3,3,0,3,0
2294,LA,Union,3,3,0,3,0
2295,LA,Vermilion,3,3,0,3,0
2296,LA,Vernon,3,3,0,3,0
2297,LA,Washington,3,3,0,3,0
2298,LA,Webster,3,3,0,3,0
2299,LA,West Carroll,3,3,0,3,0
2300,LA,Red River,3,3,0,3,0
2301,LA,Rapides,3,3,0,3,0
2302,LA,Plaquemines,3,3,0,3,0
2303,LA,Jefferson Davis,3,3,0,3,0
2304,LA,Evangeline,3,3,0,3,0
2305,LA,Franklin,3,3,0,3,0
2306,LA,Grant,3,3,0,3,0
2307,LA,Iberia,3,3,0,3,0
2308,LA,Jackson,3,3,0,3,0
2309,LA,Jefferson,3,3,0,3,0
2310,LA,La Salle,3,3,0,3,0
2311,LA,Ouachita,3,3,0,3,0
2312,LA,Lafayette,3,3,0,3,0
2313,LA,Lafourche,3,3,0,3,0
2314,LA,Lincoln,3,3,0,3,0
2315,LA,Livingston,3,3,0,3,0
2316,LA,Morehouse,3,3,0,3,0
2317,LA,Natchitoches,3,3,0,3,0
2318,MI,Wexford,3,3,0,3,0
2319,MN,Aitkin,3,2,1,2,1
2320,MN,Anoka,3,3,0,3,0
2321,MO,Grundy,3,3,0,3,0
2322,MO,Henry,3,3,0,3,0
2323,MO,Hickory,3,3,0,3,0
2324,MO,Holt,3,3,0,3,0
2325,MO,Howard,3,3,0,3,0
2326,MO,Howell,3,3,0,3,0
2327,MO,Jasper,3,3,0,3,0
2328,MO,Jefferson,3,2,1,2,1
2329,MO,Johnson,3,3,0,3,0
2330,MO,Knox,3,3,0,3,0
2331,MO,Laclede,3,3,0,3,0
2332,MO,Lafayette,3,3,0,3,0
2333,MO,Lawrence,3,3,0,3,0
2334,MO,Lewis,3,3,0,3,0
2335,MO,Lincoln,3,3,0,3,0
2336,MO,Linn,3,3,0,3,0
2337,MO,Harrison,3,3,0,3,0
2338,MO,Greene,3,3,0,3,0
2339,MN,Becker,3,3,0,3,0
2340,MO,Gentry,3,3,0,3,0
2341,MO,Christian,3,3,0,3,0
2342,MO,Clark,3,3,0,3,0
2343,MO,Clinton,3,3,0,3,0
2344,MO,Cole,3,3,0,3,0
2345,MO,Cooper,3,3,0,3,0
2346,MO,Crawford,3,3,0,3,0
2347,MO,Dade,3,3,0,3,0
2348,MO,Dallas,3,3,0,3,0
2349,MO,Daviess,3,3,0,3,0
2350,MO,DeKalb,3,3,0,3,0
2351,MO,Dent,3,3,0,3,0
2352,MO,Douglas,3,3,0,3,0
2353,MO,Dunklin,3,3,0,3,0
2354,MO,Franklin,3,3,0,3,0
2355,MO,Gasconade,3,3,0,3,0
2356,MO,Livingston,3,3,0,3,0
2357,MO,Macon,3,3,0,3,0
2358,MO,Madison,3,3,0,3,0
2359,MO,Maries,3,3,0,3,0
2360,MO,Polk,3,3,0,3,0
2361,MO,Pulaski,3,3,0,3,0
2362,MO,Putnam,3,3,0,3,0
2363,MO,Ralls,3,3,0,3,0
2364,MO,Randolph,3,3,0,3,0
2365,MO,Reynolds,3,3,0,3,0
2366,MO,Ripley,3,3,0,3,0
2367,MO,Schuyler,3,3,0,3,0
2368,MO,Scotland,3,3,0,3,0
2369,MO,Scott,3,3,0,3,0
2370,MO,Shannon,3,3,0,3,0
2371,MO,Shelby,3,3,0,3,0
2372,MO,St. Charles,3,3,0,3,0
2373,MO,St. Clair,3,3,0,3,0
2374,MO,St. Francois,3,3,0,3,0
2375,MO,Platte,3,3,0,3,0
2376,MO,Pike,3,3,0,3,0
2377,MO,Phelps,3,3,0,3,0
2378,MO,Montgomery,3,3,0,3,0
2379,MO,Marion,3,3,0,3,0
2380,MO,McDonald,3,3,0,3,0
2381,MO,Mercer,3,3,0,3,0
2382,MO,Miller,3,3,0,3,0
2383,MO,Moniteau,3,3,0,3,0
2384,MO,Monroe,3,3,0,3,0
2385,MO,Morgan,3,3,0,3,0
2386,MO,Pettis,3,3,0,3,0
2387,MO,Newton,3,3,0,3,0
2388,MO,Nodaway,3,3,0,3,0
2389,MO,Oregon,3,3,0,3,0
2390,MO,Osage,3,3,0,3,0
2391,MO,Ozark,3,3,0,3,0
2392,MO,Perry,3,3,0,3,0
2393,MO,Chariton,3,3,0,3,0
2394,MO,Cedar,3,3,0,3,0
2395,MO,Cass,3,3,0,3,0
2396,MN,Pipestone,3,3,0,3,0
2397,MN,Jackson,3,3,0,3,0
2398,MN,Kanabec,3,3,0,3,0
2399,MN,Kandiyohi,3,3,0,3,0
2400,MN,Lac Qui Parle,3,1,2,1,2
2401,MN,Lake of the Woods,3,3,0,3,0
2402,MN,Le Sueur,3,3,0,3,0
2403,MN,Lincoln,3,2,1,2,1
2404,MN,Lyon,3,3,0,3,0
2405,MN,Martin,3,3,0,3,0
2406,MN,McLeod,3,3,0,3,0
2407,MN,Meeker,3,3,0,3,0
2408,MN,Mille Lacs,3,3,0,3,0
2409,MN,Morrison,3,3,0,3,0
2410,MN,Mower,3,1,2,1,2
2411,MN,Nobles,3,3,0,3,0
2412,MN,Itasca,3,1,2,1,2
2413,MN,Isanti,3,3,0,3,0
2414,MN,Hubbard,3,3,0,3,0
2415,MN,Cook,3,1,2,1,2
2416,MN,Benton,3,3,0,3,0
2417,MN,Brown,3,3,0,3,0
2418,MN,Carver,3,3,0,3,0
2419,MN,Cass,3,3,0,3,0
2420,MN,Chisago,3,3,0,3,0
2421,MN,Clearwater,3,3,0,3,0
2422,MN,Cottonwood,3,3,0,3,0
2423,MN,Goodhue,3,3,0,3,0
2424,MN,Crow Wing,3,3,0,3,0
2425,MN,Dodge,3,3,0,3,0
2426,MN,Douglas,3,3,0,3,0
2427,MN,Faribault,3,3,0,3,0
2428,MN,Fillmore,3,1,2,1,2
2429,MN,Freeborn,3,1,2,1,2
2430,MN,Otter Tail,3,3,0,3,0
2431,MN,Redwood,3,3,0,3,0
2432,MO,Carter,3,3,0,3,0
2433,MN,Renville,3,3,0,3,0
2434,MO,Atchison,3,3,0,3,0
2435,MO,Audrain,3,3,0,3,0
2436,MO,Barry,3,3,0,3,0
2437,MO,Barton,3,3,0,3,0
2438,MO,Bates,3,3,0,3,0
2439,MO,Benton,3,3,0,3,0
2440,MO,Bollinger,3,3,0,3,0
2441,MO,Boone,3,1,2,1,2
2442,MO,Buchanan,3,2,1,2,1
2443,MO,Butler,3,3,0,3,0
2444,MO,Caldwell,3,3,0,3,0
2445,MO,Callaway,3,3,0,3,0
2446,MO,Camden,3,3,0,3,0
2447,MO,Cape Girardeau,3,3,0,3,0
2448,MO,Carroll,3,3,0,3,0
2449,MO,Andrew,3,3,0,3,0
2450,MO,Adair,3,3,0,3,0
2451,MN,Wright,3,3,0,3,0
2452,MN,Stearns,3,3,0,3,0
2453,MN,Rice,3,1,2,1,2
2454,MN,Rock,3,3,0,3,0
2455,MN,Roseau,3,3,0,3,0
2456,MN,Scott,3,3,0,3,0
2457,MN,Sherburne,3,3,0,3,0
2458,MN,Sibley,3,3,0,3,0
2459,MN,Steele,3,3,0,3,0
2460,MN,Winona,3,1,2,1,2
2461,MN,Swift,3,1,2,1,2
2462,MN,Todd,3,3,0,3,0
2463,MN,Wabasha,3,3,0,3,0
2464,MN,Wadena,3,3,0,3,0
2465,MN,Waseca,3,3,0,3,0
2466,MN,Wilkin,3,3,0,3,0
2467,KY,Owsley,3,3,0,3,0
2468,MD,Frederick,3,3,0,3,0
2469,WY,Weston,3,3,0,3,0
2470,KY,Jackson,3,3,0,3,0
2471,KS,Linn,3,3,0,3,0
2472,KS,Sheridan,3,3,0,3,0
2473,KY,Knox,3,3,0,3,0
2474,KS,Logan,3,3,0,3,0
2475,KS,Lyon,3,3,0,3,0
2476,KY,Campbell,3,3,0,3,0
2477,KY,Kenton,3,3,0,3,0
2478,KY,Johnson,3,3,0,3,0
2479,KS,Shawnee,3,3,0,3,0
2480,KY,Jessamine,3,3,0,3,0
2481,KS,Seward,3,3,0,3,0
2482,KS,Russell,3,3,0,3,0
2483,KY,Carlisle,3,3,0,3,0
2484,KS,Marion,3,3,0,3,0
2485,KY,Hopkins,3,3,0,3,0
2486,KS,Marshall,3,3,0,3,0
2487,KY,Hickman,3,3,0,3,0
2488,KY,Carroll,3,3,0,3,0
2489,KS,Sedgwick,3,3,0,3,0
2490,KY,Casey,3,3,0,3,0
2491,KY,Christian,3,3,0,3,0
2492,KS,Scott,3,3,0,3,0
2493,KY,Calloway,3,3,0,3,0
2494,KS,Lincoln,3,3,0,3,0
2495,KY,Larue,3,3,0,3,0
2496,KS,Sherman,3,3,0,3,0
2497,KY,Butler,3,3,0,3,0
2498,KY,Marshall,3,3,0,3,0
2499,KS,Kingman,3,3,0,3,0
2500,KS,Kiowa,3,3,0,3,0
2501,KS,Labette,3,3,0,3,0
2502,KS,Stanton,3,3,0,3,0
2503,KY,Marion,3,3,0,3,0
2504,KY,Madison,3,3,0,3,0
2505,KY,Lyon,3,3,0,3,0
2506,KS,Lane,3,3,0,3,0
2507,KS,Leavenworth,3,3,0,3,0
2508,KY,Caldwell,3,3,0,3,0
2509,KY,Livingston,3,3,0,3,0
2510,KY,Lincoln,3,3,0,3,0
2511,KY,Lewis,3,3,0,3,0
2512,KS,Stafford,3,3,0,3,0
2513,KY,Leslie,3,3,0,3,0
2514,KY,Lee,3,3,0,3,0
2515,KY,Lawrence,3,3,0,3,0
2516,KS,Smith,3,3,0,3,0
2517,KY,Laurel,3,3,0,3,0
2518,KS,Saline,3,3,0,3,0
2519,KY,Clark,3,3,0,3,0
2520,KY,Martin,3,3,0,3,0
2521,KY,Gallatin,3,3,0,3,0
2522,KS,Ness,3,3,0,3,0
2523,KY,Grayson,3,3,0,3,0
2524,KS,Norton,3,3,0,3,0
2525,KS,Reno,3,3,0,3,0
2526,KY,Graves,3,3,0,3,0
2527,KS,Osage,3,3,0,3,0
2528,KY,Grant,3,3,0,3,0
2529,KY,Daviess,3,3,0,3,0
2530,KY,Garrard,3,3,0,3,0
2531,KY,Edmonson,3,3,0,3,0
2532,KY,Elliott,3,1,2,1,2
2533,KS,McPherson,3,3,0,3,0
2534,KS,Rawlins,3,3,0,3,0
2535,KY,Estill,3,3,0,3,0
2536,KS,Osborne,3,3,0,3,0
2537,KS,Ottawa,3,3,0,3,0
2538,KS,Pratt,3,3,0,3,0
2539,KS,Pottawatomie,3,3,0,3,0
2540,KY,Fleming,3,3,0,3,0
2541,KY,Franklin,3,2,1,2,1
2542,KS,Phillips,3,3,0,3,0
2543,KS,Pawnee,3,3,0,3,0
2544,KY,Green,3,3,0,3,0
2545,KS,Neosho,3,3,0,3,0
2546,KY,Cumberland,3,3,0,3,0
2547,KY,Greenup,3,3,0,3,0
2548,KS,Meade,3,3,0,3,0
2549,KS,Miami,3,3,0,3,0
2550,KY,Clay,3,3,0,3,0
2551,KS,Rush,3,3,0,3,0
2552,KY,Henry,3,3,0,3,0
2553,KS,Mitchell,3,3,0,3,0
2554,KS,Montgomery,3,3,0,3,0
2555,KS,Rooks,3,3,0,3,0
2556,KY,Adair,3,3,0,3,0
2557,KY,Henderson,3,2,1,2,1
2558,KY,Hart,3,3,0,3,0
2559,KY,Clinton,3,3,0,3,0
2560,KS,Riley,3,3,0,3,0
2561,KY,Harrison,3,3,0,3,0
2562,KS,Rice,3,3,0,3,0
2563,KY,Hardin,3,3,0,3,0
2564,KS,Morris,3,3,0,3,0
2565,KS,Republic,3,3,0,3,0
2566,KS,Morton,3,3,0,3,0
2567,KS,Nemaha,3,3,0,3,0
2568,KY,Crittenden,3,3,0,3,0
2569,KS,Kearny,3,3,0,3,0
2570,KY,Logan,3,3,0,3,0
2571,KS,Johnson,3,3,0,3,0
2572,KY,Monroe,3,3,0,3,0
2573,KS,Geary,3,3,0,3,0
2574,KY,Boone,3,3,0,3,0
2575,KS,Wallace,3,3,0,3,0
2576,KS,Gove,3,3,0,3,0
2577,KY,Bourbon,3,3,0,3,0
2578,KY,Ohio,3,3,0,3,0
2579,KS,Wabaunsee,3,3,0,3,0
2580,KY,Boyle,3,3,0,3,0
2581,KS,Grant,3,3,0,3,0
2582,KY,Nicholas,3,3,0,3,0
2583,KS,Gray,3,3,0,3,0
2584,KY,Bracken,3,3,0,3,0
2585,KS,Greeley,3,3,0,3,0
2586,KY,Nelson,3,3,0,3,0
2587,KS,Trego,3,3,0,3,0
2588,KY,Morgan,3,3,0,3,0
2589,KY,Montgomery,3,3,0,3,0
2590,KS,Franklin,3,3,0,3,0
2591,KS,Ford,3,3,0,3,0
2592,KS,Finney,3,3,0,3,0
2593,KS,Edwards,3,3,0,3,0
2594,KY,Oldham,3,3,0,3,0
2595,KY,Allen,3,3,0,3,0
2596,KY,Anderson,3,3,0,3,0
2597,KS,Cowley,3,3,0,3,0
2598,KS,Decatur,3,3,0,3,0
2599,KS,Dickinson,3,3,0,3,0
2600,KS,Doniphan,3,3,0,3,0
2601,KY,Barren,3,3,0,3,0
2602,KY,Bell,3,3,0,3,0
2603,KS,Woodson,3,3,0,3,0
2604,KS,Elk,3,3,0,3,0
2605,KS,Wilson,3,3,0,3,0
2606,KS,Wichita,3,3,0,3,0
2607,KS,Ellis,3,3,0,3,0
2608,KS,Ellsworth,3,3,0,3,0
2609,KS,Washington,3,3,0,3,0
2610,KS,Greenwood,3,3,0,3,0
2611,KS,Graham,3,3,0,3,0
2612,KS,Haskell,3,3,0,3,0
2613,KS,Jefferson,3,3,0,3,0
2614,KY,Mercer,3,3,0,3,0
2615,KS,Harvey,3,3,0,3,0
2616,KS,Hodgeman,3,3,0,3,0
2617,KY,Metcalfe,3,3,0,3,0
2618,KY,Bullitt,3,3,0,3,0
2619,KY,Meade,3,3,0,3,0
2620,KS,Jackson,3,3,0,3,0
2621,KY,Breckinridge,3,3,0,3,0
2622,KS,Thomas,3,3,0,3,0
2623,KY,McLean,3,3,0,3,0
2624,KS,Harper,3,3,0,3,0
2625,KY,Menifee,3,2,1,2,1
2626,KS,Hamilton,3,3,0,3,0
2627,KS,Stevens,3,3,0,3,0
2628,KY,McCreary,3,3,0,3,0
2629,KY,Mason,3,3,0,3,0
2630,KS,Jewell,3,3,0,3,0
2631,KS,Sumner,3,3,0,3,0
2632,KY,McCracken,3,3,0,3,0
2633,OH,Lorain,2,0,2,0,2
2634,CA,Marin,2,0,2,0,2
2635,PA,Greene,2,2,0,2,0
2636,AZ,Coconino,2,0,2,0,2
2637,MN,Saint Louis,2,0,2,0,2
2638,NC,Chowan,2,2,0,2,0
2639,AR,St. Francis,2,0,2,0,2
2640,OH,Lucas,2,0,2,0,2
2641,VT,Addison,2,0,2,0,2
2642,VA,Falls Church,2,0,2,0,2
2643,PA,Lehigh,2,0,2,0,2
2644,CO,Boulder,2,0,2,0,2
2645,NC,Chatham,2,0,2,0,2
2646,CA,Napa,2,0,2,0,2
2647,CA,Monterey,2,0,2,0,2
2648,KS,Wyandotte,2,0,2,0,2
2649,VA,Emporia,2,0,2,0,2
2650,VA,Sussex,2,0,2,0,2
2651,OR,Washington,2,0,2,0,2
2652,AZ,Apache,2,0,2,0,2
2653,VA,Southampton,2,2,0,2,0
2654,CO,Costilla,2,0,2,0,2
2655,VA,Martinsville,2,0,2,0,2
2656,PA,Lackawanna,2,0,2,0,2
2657,OH,Cuyahoga,2,0,2,0,2
2658,PA,Lawrence,2,2,0,2,0
2659,OH,Mahoning,2,0,2,0,2
2660,CO,Denver,2,0,2,0,2
2661,VA,Surry,2,0,2,0,2
2662,CA,San Francisco,2,0,2,0,2
2663,PA,Allegheny,2,0,2,0,2
2664,VA,Northampton,2,0,2,0,2
2665,CA,Contra Costa,2,0,2,0,2
2666,VA,Portsmouth,2,0,2,0,2
2667,VA,Greensville,2,0,2,0,2
2668,CA,Solano,2,0,2,0,2
2669,VA,Hampton,2,0,2,0,2
2670,VA,Norfolk,2,0,2,0,2
2671,CA,Sacramento,2,0,2,0,2
2672,OH,Franklin,2,0,2,0,2
2673,CA,Santa Cruz,2,0,2,0,2
2674,CA,Los Angeles,2,0,2,0,2
2675,MT,Silver Bow,2,0,2,0,2
2676,VA,Petersburg,2,0,2,0,2
2677,VA,Norton,2,2,0,2,0
2678,CA,Santa Clara,2,0,2,0,2
2679,CA,Santa Barbara,2,0,2,0,2
2680,CA,San Mateo,2,0,2,0,2
2681,CA,San Benito,2,0,2,0,2
2682,CA,Humboldt,2,0,2,0,2
2683,CA,Sonoma,2,0,2,0,2
2684,VA,Newport News,2,0,2,0,2
2685,CA,Mendocino,2,0,2,0,2
2686,NC,Anson,2,0,2,0,2
2687,CA,Imperial,2,0,2,0,2
2688,VA,Russell,2,2,0,2,0
2689,CO,Adams,2,0,2,0,2
2690,NC,Bertie,2,0,2,0,2
2691,AZ,Pima,2,0,2,0,2
2692,VA,Lexington,2,0,2,0,2
2693,VA,Fredericksburg,2,0,2,0,2
2694,CA,Yolo,2,0,2,0,2
2695,AZ,Santa Cruz,2,0,2,0,2
2696,MN,Pine,2,1,1,1,1
2697,CA,Orange,2,2,0,2,0
2698,OH,Jefferson,2,1,1,1,1
2699,CA,Alameda,2,0,2,0,2
2700,CA,Lake,2,0,2,0,2
2701,MN,Ramsey,2,0,2,0,2
2702,PA,Bucks,2,0,2,0,2
2703,PA,Delaware,2,0,2,0,2
2704,OR,Multnomah,2,0,2,0,2
2705,WA,Thurston,2,0,2,0,2
2706,VT,Bennington,2,0,2,0,2
2707,AL,Hale,2,0,2,0,2
2708,WV,McDowell,2,1,1,1,1
2709,MS,Jefferson,2,0,2,0,2
2710,MS,Jefferson Davis,2,0,2,0,2
2711,WV,Marion,2,1,1,1,1
2712,WV,Lincoln,2,2,0,2,0
2713,WV,Kanawha,2,2,0,2,0
2714,AL,Dallas,2,0,2,0,2
2715,MS,Kemper,2,0,2,0,2
2716,WV,Harrison,2,2,0,2,0
2717,MO,New Madrid,2,2,0,2,0
2718,OK,Okmulgee,2,2,0,2,0
2719,OK,Ottawa,2,2,0,2,0
2720,MO,Mississippi,2,2,0,2,0
2721,AL,Greene,2,0,2,0,2
2722,MS,Leflore,2,0,2,0,2
2723,OH,Monroe,2,1,1,1,1
2724,WV,Braxton,2,1,1,1,1
2725,WV,Boone,2,1,1,1,1
2726,AL,Jackson,2,2,0,2,0
2727,AL,Lawrence,2,2,0,2,0
2728,MS,Marshall,2,0,2,0,2
2729,AL,Lowndes,2,0,2,0,2
2730,AL,Macon,2,0,2,0,2
2731,IN,Scott,2,2,0,2,0
2732,MS,Noxubee,2,0,2,0,2
2733,AL,Montgomery,2,0,2,0,2
2734,AL,Perry,2,0,2,0,2
2735,WI,Rock,2,0,2,0,2
2736,AL,Russell,2,0,2,0,2
2737,WI,Portage,2,0,2,0,2
2738,AL,Colbert,2,2,0,2,0
2739,MS,Issaquena,2,0,2,0,2
2740,MS,Humphreys,2,0,2,0,2
2741,MS,Holmes,2,0,2,0,2
2742,MO,St. Louis County,2,0,2,0,2
2743,MO,St. Louis City,2,0,2,0,2
2744,OK,Haskell,2,2,0,2,0
2745,OK,Hughes,2,2,0,2,0
2746,MS,Adams,2,0,2,0,2
2747,AK,District 20,2,2,0,2,0
2748,AK,District 21,2,2,0,2,0
2749,KS,Douglas,2,0,2,0,2
2750,MO,Saline,2,2,0,2,0
2751,MS,Benton,2,1,1,1,1
2752,AK,District 3,2,1,1,1,1
2753,MS,Bolivar,2,0,2,0,2
2754,AK,District 33,2,2,0,2,0
2755,OK,Latimer,2,2,0,2,0
2756,MO,Ray,2,2,0,2,0
2757,AK,District 4,2,2,0,2,0
2758,WV,Wyoming,2,2,0,2,0
2759,MS,Claiborne,2,0,2,0,2
2760,WV,Webster,2,1,1,1,1
2761,MS,Clay,2,0,2,0,2
2762,MS,Coahoma,2,0,2,0,2
2763,OK,Choctaw,2,2,0,2,0
2764,AL,Bullock,2,0,2,0,2
2765,OK,Cherokee,2,2,0,2,0
2766,OK,McIntosh,2,2,0,2,0
2767,MO,Pemiscot,2,2,0,2,0
2768,OK,Muskogee,2,2,0,2,0
2769,AL,Choctaw,2,2,0,2,0
2770,MS,Hinds,2,0,2,0,2
2771,AL,Sumter,2,0,2,0,2
2772,WI,Pierce,2,1,1,1,1
2773,MS,Quitman,2,0,2,0,2
2774,AR,Hot Spring,2,2,0,2,0
2775,AR,Jefferson,2,0,2,0,2
2776,MT,Big Horn,2,0,2,0,2
2777,AR,Lafayette,2,2,0,2,0
2778,WA,Snohomish,2,0,2,0,2
2779,AR,Lee,2,0,2,0,2
2780,WA,San Juan,2,0,2,0,2
2781,WA,Pierce,2,0,2,0,2
2782,IN,Lake,2,0,2,0,2
2783,OR,Hood River,2,0,2,0,2
2784,WA,Kitsap,2,0,2,0,2
2785,WA,King,2,0,2,0,2
2786,WA,Jefferson,2,0,2,0,2
2787,AR,Nevada,2,2,0,2,0
2788,AR,Ouachita,2,2,0,2,0
2789,AR,Phillips,2,0,2,0,2
2790,OR,Lane,2,0,2,0,2
2791,MT,Deer Lodge,2,0,2,0,2
2792,OR,Lincoln,2,0,2,0,2
2793,AR,Pulaski,2,0,2,0,2
2794,MO,Clay,2,2,0,2,0
2795,VT,Windsor,2,0,2,0,2
2796,VT,Windham,2,0,2,0,2
2797,VT,Washington,2,0,2,0,2
2798,VT,Rutland,2,0,2,0,2
2799,VT,Lamoille,2,0,2,0,2
2800,VT,Grand Isle,2,0,2,0,2
2801,VT,Franklin,2,0,2,0,2
2802,MT,Glacier,2,0,2,0,2
2803,VT,Chittenden,2,0,2,0,2
2804,AR,Izard,2,2,0,2,0
2805,WI,Ashland,2,0,2,0,2
2806,MO,Kansas City,2,0,2,0,2
2807,WI,Bayfield,2,0,2,0,2
2808,OH,Summit,2,0,2,0,2
2809,MS,Sharkey,2,0,2,0,2
2810,AL,Wilcox,2,0,2,0,2
2811,WI,Milwaukee,2,0,2,0,2
2812,WI,Menominee,2,0,2,0,2
2813,MO,Jackson,2,2,0,2,0
2814,AR,Ashley,2,2,0,2,0
2815,MS,Sunflower,2,0,2,0,2
2816,MS,Tallahatchie,2,0,2,0,2
2817,WI,La Crosse,2,0,2,0,2
2818,OR,Benton,2,0,2,0,2
2819,AR,Chicot,2,0,2,0,2
2820,MS,Tunica,2,0,2,0,2
2821,WI,Iowa,2,0,2,0,2
2822,OR,Clatsop,2,0,2,0,2
2823,WI,Green,2,0,2,0,2
2824,AR,Craighead,2,2,0,2,0
2825,MS,Washington,2,0,2,0,2
2826,WI,Eau Claire,2,0,2,0,2
2827,AR,Crittenden,2,0,2,0,2
2828,WI,Douglas,2,0,2,0,2
2829,AR,Cross,2,2,0,2,0
2830,AR,Dallas,2,2,0,2,0
2831,WI,Dane,2,0,2,0,2
2832,AR,Desha,2,0,2,0,2
2833,AR,Drew,2,2,0,2,0
2834,MS,Wilkinson,2,0,2,0,2
2835,MS,Yalobusha,2,2,0,2,0
2836,AR,Greene,2,2,0,2,0
2837,VA,Charlottesville,2,0,2,0,2
2838,OH,Athens,2,0,2,0,2
2839,VA,Charles City,2,0,2,0,2
2840,GA,McIntosh,2,2,0,2,0
2841,TX,El Paso,2,0,2,0,2
2842,LA,St. James,2,0,2,0,2
2843,LA,St. John the Baptist,2,0,2,0,2
2844,GA,Mitchell,2,2,0,2,0
2845,LA,St. Landry,2,2,0,2,0
2846,GA,Meriwether,2,2,0,2,0
2847,NY,Albany,2,0,2,0,2
2848,GA,Muscogee,2,0,2,0,2
2849,TX,Fort Bend,2,2,0,2,0
2850,NY,Bronx,2,0,2,0,2
2851,GA,Macon,2,0,2,0,2
2852,LA,Tensas,2,0,2,0,2
2853,GA,Liberty,2,0,2,0,2
2854,KY,Jefferson,2,0,2,0,2
2855,LA,St. Helena,2,0,2,0,2
2856,TX,Duval,2,0,2,0,2
2857,NM,Taos,2,0,2,0,2
2858,GA,Talbot,2,0,2,0,2
2859,LA,Iberville,2,0,2,0,2
2860,SD,Oglala Lakota,2,0,2,0,2
2861,GA,Terrell,2,0,2,0,2
2862,GA,Telfair,2,2,0,2,0
2863,NV,Clark,2,0,2,0,2
2864,GA,Taliaferro,2,0,2,0,2
2865,GA,Stewart,2,0,2,0,2
2866,TX,Dimmit,2,0,2,0,2
2867,KY,Magoffin,2,2,0,2,0
2868,LA,Madison,2,0,2,0,2
2869,GA,Richmond,2,0,2,0,2
2870,GA,Randolph,2,0,2,0,2
2871,LA,Orleans,2,0,2,0,2
2872,KY,Letcher,2,2,0,2,0
2873,NY,Clinton,2,0,2,0,2
2874,LA,West Baton Rouge,2,2,0,2,0
2875,NY,Columbia,2,0,2,0,2
2876,MN,Lake,2,0,2,0,2
2877,MA,Worcester,2,0,2,0,2
2878,MD,Anne Arundel,2,2,0,2,0
2879,GA,Fulton,2,0,2,0,2
2880,MD,Baltimore,2,0,2,0,2
2881,MD,Baltimore City,2,0,2,0,2
2882,SD,Dewey,2,0,2,0,2
2883,MD,Charles,2,0,2,0,2
2884,GA,Jefferson,2,0,2,0,2
2885,TX,Jim Hogg,2,0,2,0,2
2886,TX,Jim Wells,2,0,2,0,2
2887,KY,Harlan,2,2,0,2,0
2888,GA,Dougherty,2,0,2,0,2
2889,SD,Clay,2,0,2,0,2
2890,MD,Howard,2,0,2,0,2
2891,MA,Suffolk,2,0,2,0,2
2892,MA,Plymouth,2,0,2,0,2
2893,MA,Norfolk,2,0,2,0,2
2894,GA,Gwinnett,2,2,0,2,0
2895,TX,Hidalgo,2,0,2,0,2
2896,MA,Nantucket,2,0,2,0,2
2897,MA,Middlesex,2,0,2,0,2
2898,GA,Hancock,2,0,2,0,2
2899,MA,Hampshire,2,0,2,0,2
2900,MA,Hampden,2,0,2,0,2
2901,MA,Franklin,2,0,2,0,2
2902,MA,Essex,2,0,2,0,2
2903,GA,Henry,2,2,0,2,0
2904,MA,Dukes,2,0,2,0,2
2905,MA,Bristol,2,0,2,0,2
2906,MA,Berkshire,2,0,2,0,2
2907,MA,Barnstable,2,0,2,0,2
2908,ID,Blaine,2,0,2,0,2
2909,LA,East Carroll,2,0,2,0,2
2910,GA,DeKalb,2,0,2,0,2
2911,NJ,Middlesex,2,0,2,0,2
2912,NM,Guadalupe,2,0,2,0,2
2913,TN,Marion,2,2,0,2,0
2914,TN,Marshall,2,2,0,2,0
2915,TN,Dickson,2,2,0,2,0
2916,NJ,Monmouth,2,2,0,2,0
2917,IA,Johnson,2,0,2,0,2
2918,NJ,Mercer,2,0,2,0,2
2919,NJ,Passaic,2,0,2,0,2
2920,TN,Decatur,2,2,0,2,0
2921,NJ,Hudson,2,0,2,0,2
2922,TN,DeKalb,2,2,0,2,0
2923,NJ,Essex,2,0,2,0,2
2924,NJ,Cumberland,2,0,2,0,2
2925,TN,Davidson,2,0,2,0,2
2926,IA,Linn,2,0,2,0,2
2927,IA,Polk,2,0,2,0,2
2928,NM,Socorro,2,0,2,0,2
2929,TN,Hickman,2,2,0,2,0
2930,TN,Giles,2,2,0,2,0
2931,NM,Cibola,2,0,2,0,2
2932,KY,Perry,2,2,0,2,0
2933,TN,Haywood,2,0,2,0,2
2934,NM,Bernalillo,2,0,2,0,2
2935,TN,Henry,2,2,0,2,0
2936,TN,Houston,2,1,1,1,1
2937,TN,Lewis,2,2,0,2,0
2938,TN,Jackson,2,1,1,1,1
2939,TN,Gibson,2,2,0,2,0
2940,NJ,Union,2,0,2,0,2
2941,TN,Franklin,2,2,0,2,0
2942,TN,Lake,2,2,0,2,0
2943,NM,Grant,2,0,2,0,2
2944,NJ,Camden,2,0,2,0,2
2945,NJ,Burlington,2,0,2,0,2
2946,NJ,Bergen,2,0,2,0,2
2947,GA,Wilkinson,2,2,0,2,0
2948,IA,Benton,2,1,1,1,1
2949,HI,Maui,2,0,2,0,2
2950,HI,Kauai,2,0,2,0,2
2951,HI,Honolulu,2,0,2,0,2
2952,HI,Hawaii,2,0,2,0,2
2953,TN,Bedford,2,2,0,2,0
2954,LA,Bienville,2,2,0,2,0
2955,TN,Robertson,2,2,0,2,0
2956,NM,Rio Arriba,2,0,2,0,2
2957,NM,San Miguel,2,0,2,0,2
2958,TX,Brooks,2,0,2,0,2
2959,GA,Warren,2,0,2,0,2
2960,NM,Santa Fe,2,0,2,0,2
2961,SD,Todd,2,0,2,0,2
2962,IA,Black Hawk,2,0,2,0,2
2963,NM,Mora,2,0,2,0,2
2964,NM,McKinley,2,0,2,0,2
2965,TN,Campbell,2,2,0,2,0
2966,TN,Cannon,2,2,0,2,0
2967,IA,Story,2,0,2,0,2
2968,TN,White,2,2,0,2,0
2969,KY,Muhlenberg,2,2,0,2,0
2970,TN,Warren,2,2,0,2,0
2971,NH,Cheshire,2,0,2,0,2
2972,IA,Scott,2,0,2,0,2
2973,NH,Grafton,2,0,2,0,2
2974,NH,Merrimack,2,0,2,0,2
2975,TN,Shelby,2,0,2,0,2
2976,TN,Crockett,2,2,0,2,0
2977,NH,Strafford,2,0,2,0,2
2978,NJ,Atlantic,2,0,2,0,2
2979,MD,Montgomery,2,0,2,0,2
2980,NY,Erie,2,0,2,0,2
2981,MD,Prince George's,2,0,2,0,2
2982,CT,New London,2,0,2,0,2
2983,NC,Northampton,2,0,2,0,2
2984,RI,Providence,2,0,2,0,2
2985,RI,Newport,2,0,2,0,2
2986,TX,Webb,2,0,2,0,2
2987,RI,Bristol,2,0,2,0,2
2988,FL,Broward,2,0,2,0,2
2989,TX,Willacy,2,0,2,0,2
2990,MI,Washtenaw,2,0,2,0,2
2991,MI,Wayne,2,0,2,0,2
2992,NY,Westchester,2,0,2,0,2
2993,FL,Alachua,2,0,2,0,2
2994,DE,New Castle,2,0,2,0,2
2995,DC,District of Columbia,2,0,2,0,2
2996,TX,Zapata,2,0,2,0,2
2997,TX,Zavala,2,0,2,0,2
2998,RI,Washington,2,0,2,0,2
2999,NC,Orange,2,0,2,0,2
3000,NC,Pasquotank,2,0,2,0,2
3001,FL,Hernando,2,2,0,2,0
3002,FL,Leon,2,0,2,0,2
3003,SC,Clarendon,2,0,2,0,2
3004,TX,Starr,2,0,2,0,2
3005,KY,Carter,2,2,0,2,0
3006,NC,Scotland,2,0,2,0,2
3007,MI,Marquette,2,0,2,0,2
3008,IL,Madison,2,1,1,1,1
3009,NY,Ulster,2,0,2,0,2
3010,MO,Ste. Genevieve,2,1,1,1,1
3011,SC,Bamberg,2,0,2,0,2
3012,MI,Oakland,2,0,2,0,2
3013,FL,Gadsden,2,0,2,0,2
3014,NY,Tompkins,2,0,2,0,2
3015,SC,Allendale,2,0,2,0,2
3016,CT,Tolland,2,0,2,0,2
3017,CT,New Haven,2,0,2,0,2
3018,NC,Vance,2,0,2,0,2
3019,CT,Middlesex,2,0,2,0,2
3020,KY,Bath,2,2,0,2,0
3021,VA,Alexandria,2,0,2,0,2
3022,IL,St. Clair,2,0,2,0,2
3023,MN,Hennepin,2,0,2,0,2
3024,NC,Edgecombe,2,0,2,0,2
3025,NC,Durham,2,0,2,0,2
3026,VA,Arlington,2,0,2,0,2
3027,CO,Lake,2,0,2,0,2
3028,PA,Montgomery,2,0,2,0,2
3029,OH,Clark,2,2,0,2,0
3030,KY,Ballard,2,2,0,2,0
3031,PA,Mercer,2,2,0,2,0
3032,VA,Brunswick,2,0,2,0,2
3033,CO,Gilpin,2,0,2,0,2
3034,NC,Columbus,2,2,0,2,0
3035,PA,Philadelphia,2,0,2,0,2
3036,IL,Rock Island,2,0,2,0,2
3037,OH,Belmont,2,1,1,1,1
3038,CO,Summit,2,0,2,0,2
3039,CT,Hartford,2,0,2,0,2
3040,CT,Fairfield,2,0,2,0,2
3041,IL,Peoria,2,0,2,0,2
3042,MN,Big Stone,2,1,1,1,1
3043,IL,Perry,2,2,0,2,0
3044,MN,Carlton,2,0,2,0,2
3045,CO,San Miguel,2,0,2,0,2
3046,NC,Halifax,2,0,2,0,2
3047,CO,Saguache,2,0,2,0,2
3048,NC,Hoke,2,0,2,0,2
3049,NC,Hertford,2,0,2,0,2
3050,KY,Boyd,2,2,0,2,0
3051,NM,Dona Ana,2,0,2,0,2
3052,CO,Pitkin,2,0,2,0,2
3053,NC,Tyrrell,2,2,0,2,0
3054,MI,Muskegon,2,0,2,0,2
3055,SC,Dillon,2,0,2,0,2
3056,GA,Bibb,2,0,2,0,2
3057,TX,Newton,2,2,0,2,0
3058,ND,Sioux,2,0,2,0,2
3059,SD,Buffalo,2,0,2,0,2
3060,NY,Onondaga,2,0,2,0,2
3061,ND,Rolette,2,0,2,0,2
3062,MI,Arenac,2,1,1,1,1
3063,TX,Morris,2,2,0,2,0
3064,GA,Cobb,2,2,0,2,0
3065,SC,Orangeburg,2,0,2,0,2
3066,IL,Franklin,2,2,0,2,0
3067,NY,Kings,2,0,2,0,2
3068,NC,Warren,2,0,2,0,2
3069,SC,Richland,2,0,2,0,2
3070,GA,Clayton,2,0,2,0,2
3071,SC,Marion,2,0,2,0,2
3072,KY,Fulton,2,2,0,2,0
3073,ME,York,2,0,2,0,2
3074,NY,New York,2,0,2,0,2
3075,NY,Nassau,2,0,2,0,2
3076,GA,Clay,2,0,2,0,2
3077,ME,Sagadahoc,2,0,2,0,2
3078,SC,Williamsburg,2,0,2,0,2
3079,GA,Clarke,2,0,2,0,2
3080,GA,Calhoun,2,0,2,0,2
3081,IL,Cook,2,0,2,0,2
3082,TX,Maverick,2,0,2,0,2
3083,NY,Monroe,2,0,2,0,2
3084,ME,Knox,2,0,2,0,2
3085,ME,Cumberland,2,0,2,0,2
3086,SC,Marlboro,2,0,2,0,2
3087,MI,Ingham,2,0,2,0,2
3088,SC,Hampton,2,0,2,0,2
3089,FL,Miami-Dade,2,0,2,0,2
3090,NC,Washington,2,0,2,0,2
3091,MI,Kalamazoo,2,0,2,0,2
3092,NY,Schenectady,2,0,2,0,2
3093,IL,Calhoun,2,1,1,1,1
3094,FL,Orange,2,0,2,0,2
3095,SC,Fairfield,2,0,2,0,2
3096,TX,Robertson,2,2,0,2,0
3097,FL,Palm Beach,2,0,2,0,2
3098,FL,Pasco,2,2,0,2,0
3099,NY,Rockland,2,0,2,0,2
3100,IL,Jackson,2,0,2,0,2
3101,ME,Hancock,2,0,2,0,2
3102,TX,Presidio,2,0,2,0,2
3103,NY,Queens,2,0,2,0,2
3104,SC,Lee,2,0,2,0,2
3105,MI,Genesee,2,0,2,0,2
3106,SC,Jasper,2,0,2,0,2
3107,FL,Volusia,2,1,1,1,1
3108,TX,La Salle,2,0,2,0,2
3109,IL,Champaign,2,0,2,0,2
3110,AR,Poinsett,1,1,0,1,0
3111,AR,Hempstead,1,1,0,1,0
3112,TN,Humphreys,1,1,0,1,0
3113,AR,Monroe,1,1,0,1,0
3114,TN,Lauderdale,1,1,0,1,0
3115,TX,Kenedy,1,0,1,0,1
3116,AR,Jackson,1,1,0,1,0
3117,VA,Buchanan,1,1,0,1,0
3118,AR,Lincoln,1,1,0,1,0
3119,AR,Little River,1,1,0,1,0
3120,KY,Pike,1,1,0,1,0
3121,VA,Dickenson,1,1,0,1,0
3122,AR,Lawrence,1,1,0,1,0
3123,TN,Stewart,1,1,0,1,0
3124,AR,Randolph,1,1,0,1,0
3125,KY,Breathitt,1,1,0,1,0
3126,LA,Pointe Coupee,1,1,0,1,0
3127,PA,Beaver,1,1,0,1,0
3128,AR,Mississippi,1,1,0,1,0
3129,GA,Webster,1,1,0,1,0
3130,WV,Brooke,1,1,0,1,0
3131,AR,Bradley,1,1,0,1,0
3132,LA,Assumption,1,1,0,1,0
3133,WV,Fayette,1,1,0,1,0
3134,TN,Benton,1,1,0,1,0
3135,KY,Knott,1,1,0,1,0
3136,AR,Clark,1,1,0,1,0
3137,AR,Clay,1,1,0,1,0
3138,KY,Floyd,1,1,0,1,0
3139,TN,Clay,1,1,0,1,0
3140,WV,Logan,1,1,0,1,0
3141,TN,Van Buren,1,1,0,1,0
3142,TN,Trousdale,1,1,0,1,0
3143,WV,Mingo,1,1,0,1,0
3144,TN,Smith,1,1,0,1,0
3145,PA,Washington,1,1,0,1,0
3146,PA,Fayette,1,1,0,1,0
3147,TN,Perry,1,1,0,1,0
3148,TN,Overton,1,1,0,1,0
3149,TN,Grundy,1,1,0,1,0
